series_no,game_no,rating,color,opening,link,start,analysis,series,creator,move1,move2,move3,move4
1,1,397.0,B,Scotch,https://www.youtube.com/watch?v=Ytkf3qZTj74&list=PLT1F2nOxLHOcmi_qi1BbY6axf5xLFEcit&index=1,0.0,,Back to 3000,Danya,,,,
2,1,436.0,B,"1. e4, Wayward Queen",https://www.youtube.com/watch?v=HiCeU8tIh0U&list=PLT1F2nOxLHOcmi_qi1BbY6axf5xLFEcit&index=4,0.0,,Back to 3000,Danya,1. e4 e5,2. Qh5 Nc6,3. Bc4 g6,
3,1,476.0,B,"Bishop's Opening: Berlin,  Ponziani gambit",https://www.youtube.com/watch?v=3knyQ8z7lrQ&list=PLT1F2nOxLHOcmi_qi1BbY6axf5xLFEcit&index=3,0.0,,Back to 3000,Danya,1. e4 e5 ,2. Bc4 Nf6 ,3. d4 exd4,
4,1,677.0,B,Van Geet Opening,https://www.youtube.com/watch?v=aEKSPFwvFoY&list=PLT1F2nOxLHOcmi_qi1BbY6axf5xLFEcit&index=4,0.0,,Back to 3000,Danya,1. f3 e5 ,2. d3 d5 ,3. e4 Nf6,
4,2,692.0,B,1. e3,https://youtu.be/aEKSPFwvFoY,13.23,,Back to 3000,Danya,1. e3 e5 ,2. Nc3 d5 ,3. d4 e4,
5,1,730.0,W,Italian,https://www.youtube.com/watch?v=PHAmfkkrSSs&list=PLT1F2nOxLHOcmi_qi1BbY6axf5xLFEcit&index=5,0.0,,Back to 3000,Danya,1. e4 e5 ,2. Nf3 Nc6 ,3. Bc4 d6,
5,2,744.0,W,"1. d4, Borg Defense",https://youtu.be/PHAmfkkrSSs,17.2,,Back to 3000,Danya,1. d4 g5,2. Bxg5 f6 ,3. e4 h5,
6,1,712.0,B,4 Knights Scotch,https://www.youtube.com/watch?v=js6ZLkfXwEg&list=PLT1F2nOxLHOcmi_qi1BbY6axf5xLFEcit&index=6,0.0,,Back to 3000,Danya,1. e4 e5,2. Nf3 Nc6 ,3. Nc3 Nf6,
7,1,757.0,B,Scotch,https://www.youtube.com/watch?v=HVKBVYhxpEY&list=PLT1F2nOxLHOcmi_qi1BbY6axf5xLFEcit&index=7,0.0,,Back to 3000,Danya,1. e4 e5 ,2. Nf3 Nc6 ,3. d4 exd4,
8,1,750.0,W,Scandinavian,https://www.youtube.com/watch?v=hzotV0aslmY&list=PLT1F2nOxLHOcmi_qi1BbY6axf5xLFEcit&index=8,0.0,,Back to 3000,Danya,1. e4 d5 ,2. exd5 Qxd5 ,3. Nc3 Qd8,
8,2,803.0,B,King's Fianchetto Opening,https://youtu.be/hzotV0aslmY,17.55,,Back to 3000,Danya,1. g3 e5 ,2. Bg2 d5 ,3. e3 Nf6,
8,3,816.0,B,1. d4 d5 2. a3,https://youtu.be/hzotV0aslmY,32.3,,Back to 3000,Danya,1. d4 d5 ,2. a3 Nf6,3. Nf3 Bf5,
9,1,1073.0,B,1. e4 e5 2. Qf3,https://www.youtube.com/watch?v=33EpuPv4ULw&list=PLT1F2nOxLHOcmi_qi1BbY6axf5xLFEcit&index=9,0.0,16.03,Back to 3000,Danya,1. e4 e5,,,
9,2,,W,Philidor,,7.3,18.15,Back to 3000,Danya,,,,
9,3,,W,Advance French,,12.13,28.4,Back to 3000,Danya,,,,
10,1,1112.0,W,Italian,https://www.youtube.com/watch?v=QJ3YfBMrVls&list=PLT1F2nOxLHOcmi_qi1BbY6axf5xLFEcit&index=10,2.0,16.3,Back to 3000,Danya,,,,
10,2,,W,Philidor,,7.5,20.0,Back to 3000,Danya,,,,
10,3,,B,"Sicilian, Bowdler",,12.3,22.52,Back to 3000,Danya,,,,
11,1,1138.0,B,"Sicilian, Bowdler",https://www.youtube.com/watch?v=nsG9XSdGkj8&list=PLT1F2nOxLHOcmi_qi1BbY6axf5xLFEcit&index=11,0.0,43.05,Back to 3000,Danya,,,,
11,2,,W,Open Sicilian,,9.1,33.4,Back to 3000,Danya,,,,
11,3,,B,Ruy Lopez,,16.4,42.1,Back to 3000,Danya,,,,
12,1,1173.0,W,Italian,https://www.youtube.com/watch?v=uuDQbMlXeDQ&list=PLT1F2nOxLHOcmi_qi1BbY6axf5xLFEcit&index=12,0.0,15.35,Back to 3000,Danya,,,,
12,2,,W,Elephant Gambit,,3.45,20.0,Back to 3000,Danya,,,,
12,3,,B,QGD,,8.55,24.5,Back to 3000,Danya,,,,
13,1,1200.0,B,King's Gambit,https://www.youtube.com/watch?v=Wgl8OsI1dB4&list=PLT1F2nOxLHOcmi_qi1BbY6axf5xLFEcit&index=13,0.0,20.15,Back to 3000,Danya,,,,
13,2,,W,Italian,,10.05,24.1,Back to 3000,Danya,,,,
14,1,1219.0,B,Accelerated Dragon,https://www.youtube.com/watch?v=qlEZdH3nEZs,0.0,,Back to 3000,Danya,,,,
14,2,,W,Modern,,6.5,,Back to 3000,Danya,,,,
14,3,,B,Sicilian,,14.15,,Back to 3000,Danya,,,,
15,1,1243.0,B,Sicilian,https://www.youtube.com/watch?v=8EZYSq6c_hg&list=PLT1F2nOxLHOcmi_qi1BbY6axf5xLFEcit&index=15,0.0,,Back to 3000,Danya,,,,
15,2,,B,Accelerated Dragon,,6.4,22.48,Back to 3000,Danya,,,,
15,3,,W,Ruy Lopez,,8.5,24.31,Back to 3000,Danya,,,,
15,4,,W,1. e4 b6,,15.45,25.09,Back to 3000,Danya,1. e4 b6,,,
15,5,,B,Accelerated Dragon,,29.0,38.45,Back to 3000,Danya,,,,
16,1,1294.0,W,Philidor,https://www.youtube.com/watch?v=WM0vlYWi33I&list=PLT1F2nOxLHOcmi_qi1BbY6axf5xLFEcit&index=16,0.0,,Back to 3000,Danya,,,,
16,2,,B,Accelerated Dragon,,10.5,,Back to 3000,Danya,,,,
16,3,,W,Elephant Gambit,,19.1,19.1,Back to 3000,Danya,,,,
17,1,1310.0,B,[bishop sac],https://www.youtube.com/watch?v=iwCO5bNiuNw&list=PLT1F2nOxLHOcmi_qi1BbY6axf5xLFEcit&index=17,0.0,,Back to 3000,Danya,,,,
17,2,,W,Ruy Lopez,,12.15,,Back to 3000,Danya,,,,
17,3,,W,Advance Caro,,17.03,,Back to 3000,Danya,,,,
18,1,1370.0,W,Modern,https://www.youtube.com/watch?v=oH407-a1v-4&list=PLT1F2nOxLHOcmi_qi1BbY6axf5xLFEcit&index=18,0.0,,Back to 3000,Danya,,,,
18,2,,B,King's Indian,,9.0,,Back to 3000,Danya,,,,
18,3,,B,King's Indian,,19.4,,Back to 3000,Danya,,,,
19,1,1380.0,W,Philidor,https://www.youtube.com/watch?v=xoS71OW-Re0&list=PLT1F2nOxLHOcmi_qi1BbY6axf5xLFEcit&index=19,0.0,10.0,Back to 3000,Danya,,,,
19,2,,,Elephant Gambit,,13.0,,Back to 3000,Danya,,,,
19,3,,,Stafford Gambit,,25.0,,Back to 3000,Danya,,,,
20,1,1398.0,B,Accelerated Dragon,https://www.youtube.com/watch?v=lWVZLZdQHcY&list=PLT1F2nOxLHOcmi_qi1BbY6axf5xLFEcit&index=20,0.0,17.33,Back to 3000,Danya,,,,
20,2,,W,Sicilian,,6.5,29.22,Back to 3000,Danya,,,,
21,1,1420.0,B,King's Indian,https://www.youtube.com/watch?v=cdEASsRLWcg&list=PLT1F2nOxLHOcmi_qi1BbY6axf5xLFEcit&index=21,0.0,,Back to 3000,Danya,,,,
21,2,,B,Accelerated Dragon,,22.0,,Back to 3000,Danya,,,,
21,4,,W,Scandinavian,,33.5,,Back to 3000,Danya,,,,
22,1,1451.0,B,King's Indian,https://www.youtube.com/watch?v=J6MDnL_B83w&list=PLT1F2nOxLHOcmi_qi1BbY6axf5xLFEcit&index=22,0.0,,Back to 3000,Danya,,,,
22,2,,B,Accelerated Dragon,,14.45,,Back to 3000,Danya,,,,
23,1,1469.0,W,Philidor,https://www.youtube.com/watch?v=OwrIaWwPJvM&list=PLT1F2nOxLHOcmi_qi1BbY6axf5xLFEcit&index=23,0.0,,Back to 3000,Danya,,,,
23,2,,B,Sicilian,,11.3,,Back to 3000,Danya,,,,
24,1,1489.0,B,Bird,https://www.youtube.com/watch?v=U8zArIhxato&list=PLT1F2nOxLHOcmi_qi1BbY6axf5xLFEcit&index=24,0.0,,Back to 3000,Danya,,,,
24,2,,W,Italian,,4.5,,Back to 3000,Danya,,,,
24,3,,W,Open Sicilian,,10.15,19.15,Back to 3000,Danya,,,,
24,4,,B,Accelerated Dragon,,20.5,30.2,Back to 3000,Danya,,,,
25,1,1527.0,B,Accelerated Dragon,https://www.youtube.com/watch?v=ii1vl5wLPWU&list=PLT1F2nOxLHOcmi_qi1BbY6axf5xLFEcit&index=25,0.0,10.4,Back to 3000,Danya,,,,
25,2,,W,Italian,,16.55,,Back to 3000,Danya,,,,
25,3,,W,Pirc,,24.4,,Back to 3000,Danya,,,,
26,1,1562.0,B,Italian,https://www.youtube.com/watch?v=FqVMAv3wKes&list=PLT1F2nOxLHOcmi_qi1BbY6axf5xLFEcit&index=26,1.3,,Back to 3000,Danya,,,,
26,2,,B,Ruy Lopez,,13.5,,Back to 3000,Danya,,,,
26,3,,W,Scandinavian,,25.3,,Back to 3000,Danya,,,,
27,1,1592.0,B,Alapin Sicilian,https://www.youtube.com/watch?v=qW-mT-FbLnA&list=PLT1F2nOxLHOcmi_qi1BbY6axf5xLFEcit&index=27,0.0,,Back to 3000,Danya,,,,
27,2,,W,Nimzo / Scandi,,15.5,,Back to 3000,Danya,,,,
28,1,1608.0,W,Pirc,https://www.youtube.com/watch?v=OkjaIVnXg9o&list=PLT1F2nOxLHOcmi_qi1BbY6axf5xLFEcit&index=28,0.0,,Back to 3000,Danya,,,,
28,2,,B,London,,19.03,,Back to 3000,Danya,,,,
29,1,1620.0,B,Sicilian,https://www.youtube.com/watch?v=WwRujiYpgq0&list=PLT1F2nOxLHOcmi_qi1BbY6axf5xLFEcit&index=29,0.0,,Back to 3000,Danya,,,,
29,2,,B,Sicilian,,15.4,,Back to 3000,Danya,,,,
29,3,1643.0,W,Pirc,https://www.youtube.com/watch?v=ZlIq20_wnho&list=PLT1F2nOxLHOcmi_qi1BbY6axf5xLFEcit&index=30,0.0,,Back to 3000,Danya,,,,
30,1,,B,Sicilian,,11.0,,Back to 3000,Danya,,,,
30,2,,B,Sicilian,,20.0,,Back to 3000,Danya,,,,
31,1,1684.0,W,Scandinavian,https://www.youtube.com/watch?v=iQQDU3H7vaU&list=PLT1F2nOxLHOcmi_qi1BbY6axf5xLFEcit&index=31,0.0,,Back to 3000,Danya,,,,
31,2,,W,1. e4 e6 2. d4 c6,,8.55,,Back to 3000,Danya,1. e4 e6,2. d4 c6,,
31,3,,B,Sicilian,,20.0,,Back to 3000,Danya,,,,
32,1,1700.0,W,Exchange Caro Kann,https://www.youtube.com/watch?v=woqgGKERnps&list=PLT1F2nOxLHOcmi_qi1BbY6axf5xLFEcit&index=32,0.0,,Back to 3000,Danya,,,,
32,2,,W,Modern,,18.0,,Back to 3000,Danya,,,,
32,3,,W,Sicilian,,34.0,,Back to 3000,Danya,,,,
33,1,1720.0,W,Benoni,https://www.youtube.com/watch?v=FPI9J8_LmJQ&list=PLT1F2nOxLHOcmi_qi1BbY6axf5xLFEcit&index=33,0.0,,Back to 3000,Danya,,,,
33,2,,W,London / Dutch,,19.0,,Back to 3000,Danya,,,,
34,1,1745.0,B,King's Indian,https://www.youtube.com/watch?v=wdHXvOBC8bw&list=PLT1F2nOxLHOcmi_qi1BbY6axf5xLFEcit&index=34,0.0,,Back to 3000,Danya,,,,
34,2,,B,Ponziani,,11.0,,Back to 3000,Danya,,,,
34,3,,B,Accelerated Dragon,,23.15,,Back to 3000,Danya,,,,
35,1,1800.0,W,Pirc,https://www.youtube.com/watch?v=n781_V5I0ac&list=PLT1F2nOxLHOcmi_qi1BbY6axf5xLFEcit&index=35,0.0,,Back to 3000,Danya,,,,
35,2,,W,Modern,,9.52,,Back to 3000,Danya,,,,
35,3,,B,London / King's Indian,,19.03,,Back to 3000,Danya,,,,
36,1,1830.0,W,Alapin Sicilian,https://www.youtube.com/watch?v=9Iu56-1zzfI&list=PLT1F2nOxLHOcmi_qi1BbY6axf5xLFEcit&index=36,0.0,,Back to 3000,Danya,,,,
36,2,,,1. e4 c6 2. e5 d6,,12.18,,Back to 3000,Danya,1. e4 c6 ,2. e5 d6,,
37,1,1853.0,W,Englund,https://www.youtube.com/watch?v=hyAhvdIvtzQ&list=PLT1F2nOxLHOcmi_qi1BbY6axf5xLFEcit&index=37,0.0,,Back to 3000,Danya,,,,
37,2,,B,King's Indian,,15.14,,Back to 3000,Danya,,,,
38,1,1870.0,B,Smith-Morra Declined,https://www.youtube.com/watch?v=3UqPa5eV2e0&list=PLT1F2nOxLHOcmi_qi1BbY6axf5xLFEcit&index=38,0.0,,Back to 3000,Danya,,,,
38,2,,W,1. e4 d6 2. e5 c6,,16.3,,Back to 3000,Danya,1. e4 d6 ,2. e5 c6,,
39,1,1900.0,W,Scandinavian,https://www.youtube.com/watch?v=bIxvPbhuTpo&list=PLT1F2nOxLHOcmi_qi1BbY6axf5xLFEcit&index=39,0.0,,Back to 3000,Danya,,,,
39,2,,B,Alapin Sicilian,,13.2,,Back to 3000,Danya,,,,
40,1,1918.0,B,King's Indian,https://www.youtube.com/watch?v=7uxRcomJo7I&list=PLT1F2nOxLHOcmi_qi1BbY6axf5xLFEcit&index=40,0.0,,Back to 3000,Danya,,,,
40,2,,B,Modern,,19.45,,Back to 3000,Danya,,,,
41,1,1936.0,W,Alapin Sicilian,https://www.youtube.com/watch?v=VEwKZo8l7yY&list=PLT1F2nOxLHOcmi_qi1BbY6axf5xLFEcit&index=41,0.0,,Back to 3000,Danya,,,,
42,1,1944.0,W,Alapin Sicilian,https://www.youtube.com/watch?v=CfCoA7jQu84&list=PLT1F2nOxLHOcmi_qi1BbY6axf5xLFEcit&index=42,0.0,,Back to 3000,Danya,,,,
42,2,,W,Alapin Sicilian,,14.2,,Back to 3000,Danya,,,,
43,1,1964.0,W,French Tarrasch,https://www.youtube.com/watch?v=W6nkqNrWVrk&list=PLT1F2nOxLHOcmi_qi1BbY6axf5xLFEcit&index=43,0.0,,Back to 3000,Danya,,,,
43,2,,B,Accelerated Dragon,,18.45,,Back to 3000,Danya,,,,
44,1,1980.0,B,King's Indian,https://www.youtube.com/watch?v=gOKiOKPv-X0&list=PLT1F2nOxLHOcmi_qi1BbY6axf5xLFEcit&index=44,0.0,,Back to 3000,Danya,,,,
44,2,,B,Accelerated Dragon,,13.35,,Back to 3000,Danya,,,,
45,1,2000.0,B,King's Indian,https://www.youtube.com/watch?v=7f2sPY2U204&list=PLT1F2nOxLHOcmi_qi1BbY6axf5xLFEcit&index=45,0.0,,Back to 3000,Danya,,,,
45,2,,W,Alapin Sicilian,,12.0,,Back to 3000,Danya,,,,
46,1,2020.0,W,Ruy Lopez / Berlin,,0.0,,Back to 3000,Danya,,,,
47,1,2030.0,B,Najdorf,https://www.youtube.com/watch?v=j4-gTbXfwXg&list=PLT1F2nOxLHOcmi_qi1BbY6axf5xLFEcit&index=48,0.0,,Back to 3000,Danya,,,,
47,2,,W,Alekhine,,15.55,,Back to 3000,Danya,,,,
47,3,,B,Alekhine,,22.0,,Back to 3000,Danya,,,,
48,1,2056.0,W,QG / Slav,https://www.youtube.com/watch?v=EfHnGTCO1s4&list=PLT1F2nOxLHOcmi_qi1BbY6axf5xLFEcit&index=48,0.0,,Back to 3000,Danya,,,,
49,1,2065.0,W,Ruy Lopez / Bird,https://www.youtube.com/watch?v=uVQKL83tZb0&list=PLT1F2nOxLHOcmi_qi1BbY6axf5xLFEcit&index=49,0.0,,Back to 3000,Danya,,,,
49,2,,W,Alekhine,,24.25,,Back to 3000,Danya,,,,
50,1,2070.0,B,King's Indian,https://www.youtube.com/watch?v=E0cMsom-N7E&list=PLT1F2nOxLHOcmi_qi1BbY6axf5xLFEcit&index=50,0.0,,Back to 3000,Danya,,,,
50,2,,B,King's Indian,,19.3,,Back to 3000,Danya,,,,
51,1,2090.0,B,Rossolimo Sicilian,https://www.youtube.com/watch?v=1AMYr01rkHE&list=PLT1F2nOxLHOcmi_qi1BbY6axf5xLFEcit&index=51,0.0,,Back to 3000,Danya,,,,
52,1,2100.0,W,King's Indian / Samisch,https://www.youtube.com/watch?v=JEMVGw2WdCE&list=PLT1F2nOxLHOcmi_qi1BbY6axf5xLFEcit&index=52,0.0,,Back to 3000,Danya,,,,
52,2,,W,Sicilian,,17.3,,Back to 3000,Danya,,,,
53,1,2120.0,B,QG / Slav,https://www.youtube.com/watch?v=Z4WjtjMl3j8&list=PLT1F2nOxLHOcmi_qi1BbY6axf5xLFEcit&index=53,0.0,,Back to 3000,Danya,,,,
53,2,,B,Modern,,18.2,,Back to 3000,Danya,,,,
54,1,2135.0,W,Caro Kann,https://www.youtube.com/watch?v=Nu5BrqlnACs&list=PLT1F2nOxLHOcmi_qi1BbY6axf5xLFEcit&index=54,0.0,,Back to 3000,Danya,,,,
54,2,,B,King's Indian / Torre,,22.4,,Back to 3000,Danya,,,,
55,1,2154.0,W,French Tarrasch,https://www.youtube.com/watch?v=SziecWG-v0c&list=PLT1F2nOxLHOcmi_qi1BbY6axf5xLFEcit&index=55,0.0,,Back to 3000,Danya,,,,
55,2,,W,Caro Kann,,21.45,,Back to 3000,Danya,,,,
56,1,2170.0,W,Nimzo Indian,https://www.youtube.com/watch?v=SXsVWpN8e1A&list=PLT1F2nOxLHOcmi_qi1BbY6axf5xLFEcit&index=56,0.0,,Back to 3000,Danya,,,,
56,2,,B,4 Knights,,16.2,,Back to 3000,Danya,,,,
56,3,,B,Alekhine,,34.0,,Back to 3000,Danya,,,,
57,1,2198.0,W,London,https://www.youtube.com/watch?v=HDSMjuNWNQk&list=PLT1F2nOxLHOcmi_qi1BbY6axf5xLFEcit&index=57,0.0,,Back to 3000,Danya,,,,
58,1,2210.0,W,Scandinavian,https://www.youtube.com/watch?v=26ZXZEiudhA&list=PLT1F2nOxLHOcmi_qi1BbY6axf5xLFEcit&index=58,0.0,,Back to 3000,Danya,,,,
58,2,,B,Modern,,16.0,,Back to 3000,Danya,,,,
59,1,2224.0,B,English,https://www.youtube.com/watch?v=xQ-L0aZ24FA&list=PLT1F2nOxLHOcmi_qi1BbY6axf5xLFEcit&index=59,0.0,,Back to 3000,Danya,,,,
59,2,,B,King's Indian,,11.0,,Back to 3000,Danya,,,,
60,1,2242.0,W,Modern,https://www.youtube.com/watch?v=NQYFSC5TCnE&list=PLT1F2nOxLHOcmi_qi1BbY6axf5xLFEcit&index=60,0.0,,Back to 3000,Danya,,,,
61,1,2252.0,B,French,https://www.youtube.com/watch?v=n64LCdoBzaU&list=PLT1F2nOxLHOcmi_qi1BbY6axf5xLFEcit&index=61,0.0,,Back to 3000,Danya,,,,
61,2,,W,Jobava London,,18.56,,Back to 3000,Danya,,,,
62,1,2265.0,W,Modern,https://www.youtube.com/watch?v=6BHS8KMqLkU&list=PLT1F2nOxLHOcmi_qi1BbY6axf5xLFEcit&index=62,0.0,,Back to 3000,Danya,,,,
63,1,2275.0,B,King's Indian,https://www.youtube.com/watch?v=dJYcXok1_wQ&list=PLT1F2nOxLHOcmi_qi1BbY6axf5xLFEcit&index=63,0.0,,Back to 3000,Danya,,,,
63,2,,W,Caro Kann,,10.3,,Back to 3000,Danya,,,,
63,3,,B,Sicilian Rossolimo,,22.45,,Back to 3000,Danya,,,,
64,1,2307.0,W,Jobava london,https://www.youtube.com/watch?v=SDIQje8v5SY&list=PLT1F2nOxLHOcmi_qi1BbY6axf5xLFEcit&index=64,0.0,,Back to 3000,Danya,,,,
64,2,,B,Accelerated Dragon,,20.0,,Back to 3000,Danya,,,,
65,1,2315.0,B,Nimzo-Larsen,https://www.youtube.com/watch?v=kqgaZ8Tfhyk&list=PLT1F2nOxLHOcmi_qi1BbY6axf5xLFEcit&index=65,0.0,,Back to 3000,Danya,,,,
65,2,,B,Chigorin,,20.0,,Back to 3000,Danya,,,,
66,1,2321.0,W,Alapin Sicilian,https://www.youtube.com/watch?v=7Tueff34xjA&list=PLT1F2nOxLHOcmi_qi1BbY6axf5xLFEcit&index=66,0.0,,Back to 3000,Danya,,,,
66,2,,W,Ruy Lopez,,13.0,,Back to 3000,Danya,,,,
67,1,2338.0,B,Ruy Lopez,,0.0,,Back to 3000,Danya,,,,
68,1,2350.0,W,Alapin Sicilian,https://www.youtube.com/watch?v=fg3i2Yl_vqQ&,0.0,,Back to 3000,Danya,,,,
69,1,2350.0,W,French,https://www.youtube.com/watch?v=ndNfx0HHcLk&list=PLT1F2nOxLHOcmi_qi1BbY6axf5xLFEcit&index=69,0.0,,Back to 3000,Danya,,,,
69,2,,W,Ruy Lopez,,15.0,,Back to 3000,Danya,,,,
70,1,,W,Scandinavian,https://www.youtube.com/watch?v=s3ea8V8twrY&list=PLT1F2nOxLHOcmi_qi1BbY6axf5xLFEcit&index=70,0.0,,Back to 3000,Danya,,,,
70,2,,W,Petrov,,14.5,,Back to 3000,Danya,,,,
71,1,2390.0,B,Accelerated Dragon,https://www.youtube.com/watch?v=S-PGKHRQM5o&list=PLT1F2nOxLHOcmi_qi1BbY6axf5xLFEcit&index=71,0.0,,Back to 3000,Danya,,,,
71,2,,W,Open Sicilian / Taimonov,,11.45,,Back to 3000,Danya,,,,
1,1,1100.0,B,Accelerated Dragon,https://www.youtube.com/watch?v=R2skmBe07aQ&list=PLT1F2nOxLHOfQ-eoJTpyvKkQFwYewDduj&index=1,0.0,,Beginner to Master,Danya,,,,
1,2,,W,Caro Kann,,15.25,,Beginner to Master,Danya,,,,
2,1,1400.0,W,Ruy Lopez,https://www.youtube.com/watch?v=RUYbO35XVCE&list=PLT1F2nOxLHOfQ-eoJTpyvKkQFwYewDduj&index=2,0.0,,Beginner to Master,Danya,,,,
3,1,1420.0,B,Evans Gambit,https://www.youtube.com/watch?v=wn7jKtpg2dg&list=PLT1F2nOxLHOfQ-eoJTpyvKkQFwYewDduj&index=3,0.0,,Beginner to Master,Danya,,,,
3,2,,W,French Defense,,26.0,,Beginner to Master,Danya,,,,
4,1,1440.0,B,Sicilian,https://www.youtube.com/watch?v=Vy6j7N_Wh0o&list=PLT1F2nOxLHOfQ-eoJTpyvKkQFwYewDduj&index=5,0.0,,Beginner to Master,Danya,,,,
4,2,,B,King's Indian,,23.05,,Beginner to Master,Danya,,,,
5,1,1500.0,W,Italian,https://www.youtube.com/watch?v=n5BL4u1QpfY&list=PLT1F2nOxLHOfQ-eoJTpyvKkQFwYewDduj&index=6,0.0,,Beginner to Master,Danya,,,,
5,2,,W,Alapin Sicilian,,7.25,,Beginner to Master,Danya,,,,
6,1,1590.0,B,Exchange Caro Kann,https://www.youtube.com/watch?v=HF8cvN3ZKtU&list=PLT1F2nOxLHOfQ-eoJTpyvKkQFwYewDduj,0.0,,Beginner to Master,Danya,,,,
7,1,1600.0,B,Exchange Caro Kann,https://www.youtube.com/watch?v=vosZEy6YML0&list=PLT1F2nOxLHOfQ-eoJTpyvKkQFwYewDduj&index=8,0.0,,Beginner to Master,Danya,,,,
8,1,1620.0,B,King's Indian,https://www.youtube.com/watch?v=d-MNpi_zPr0&list=PLT1F2nOxLHOfQ-eoJTpyvKkQFwYewDduj&index=8,0.0,,Beginner to Master,Danya,,,,
8,2,,W,Open Sicilian,,29.45,,Beginner to Master,Danya,,,,
9,1,1461.0,B,Najdorf,https://www.youtube.com/watch?v=uJCgrG90u8A&list=PLT1F2nOxLHOfQ-eoJTpyvKkQFwYewDduj&index=9,0.0,,Beginner to Master,Danya,,,,
10,1,1590.0,B,King's Indian,https://www.youtube.com/watch?v=-PSQS88VdZU&list=PLT1F2nOxLHOfQ-eoJTpyvKkQFwYewDduj&index=10,0.0,,Beginner to Master,Danya,,,,
10,2,1600.0,W,Scotch Gambit,,17.3,,Beginner to Master,Danya,,,,
11,1,1651.0,B,Sicilian,https://www.youtube.com/watch?v=VBxmm4zzC1g&list=PLT1F2nOxLHOfQ-eoJTpyvKkQFwYewDduj&index=11,0.0,,Beginner to Master,Danya,,,,
12,1,1733.0,W,King's Gambit,https://www.youtube.com/watch?v=8QxDmN_BMaU&list=PLT1F2nOxLHOfQ-eoJTpyvKkQFwYewDduj&index=12,0.0,,Beginner to Master,Danya,,,,
13,1,1751.0,B,Najdorf,https://www.youtube.com/watch?v=0npOMfkAlVU&list=PLT1F2nOxLHOfQ-eoJTpyvKkQFwYewDduj&index=13,0.0,,Beginner to Master,Danya,,,,
13,2,1763.0,B,Italian,,30.3,,Beginner to Master,Danya,,,,
14,1,1764.0,W,Scotch,https://www.youtube.com/watch?v=OE2pJpVVzYw&list=PLT1F2nOxLHOfQ-eoJTpyvKkQFwYewDduj&index=14,0.0,,Beginner to Master,Danya,,,,
15,1,1770.0,W,French,https://www.youtube.com/watch?v=8O4UG9NtUoM&list=PLT1F2nOxLHOfQ-eoJTpyvKkQFwYewDduj&index=15,0.0,,Beginner to Master,Danya,,,,
16,1,1779.0,B,Najdorf,https://www.youtube.com/watch?v=fhDxUI-t2v4&list=PLT1F2nOxLHOfQ-eoJTpyvKkQFwYewDduj&index=16,0.0,,Beginner to Master,Danya,,,,
17,1,1825.0,B,King's Indian,https://www.youtube.com/watch?v=ciTwGjksQWs&list=PLT1F2nOxLHOfQ-eoJTpyvKkQFwYewDduj&index=17,0.0,,Beginner to Master,Danya,,,,
18,1,1900.0,B,Accelerated Dragon,https://www.youtube.com/watch?v=lpHT3_yF4WQ&list=PLT1F2nOxLHOfQ-eoJTpyvKkQFwYewDduj&index=18,0.0,,Beginner to Master,Danya,,,,
19,1,1919.0,W,Modern,https://www.youtube.com/watch?v=25w0mYsx_Lk&list=PLT1F2nOxLHOfQ-eoJTpyvKkQFwYewDduj&index=19,0.0,,Beginner to Master,Danya,,,,
20,1,1919.0,W,King's Indian Samisch,https://www.youtube.com/watch?v=VOQ7DlsATuc&list=PLT1F2nOxLHOfQ-eoJTpyvKkQFwYewDduj&index=20,0.0,,Beginner to Master,Danya,,,,
1,1,400.0,B,1. e5 a3,https://www.youtube.com/watch?v=0WPNVHZmYE8&list=PLT1F2nOxLHOefj_z54LNBpnASnIROm43e&index=1,0.0,,Masterclass,Danya,,,,
2,1,465.0,W,Danish Gambit Declined,https://www.youtube.com/watch?v=BGTBTghFQDI&list=PLT1F2nOxLHOefj_z54LNBpnASnIROm43e&index=2,0.0,,Masterclass,Danya,,,,
3,1,531.0,W,Danish Gambit Declined,https://www.youtube.com/watch?v=tgyq7_g2wV0&list=PLT1F2nOxLHOefj_z54LNBpnASnIROm43e&index=3,0.0,,Masterclass,Danya,,,,
4,1,578.0,W,Danish Gambit Declined,https://www.youtube.com/watch?v=kvpSIPdCvmw&list=PLT1F2nOxLHOefj_z54LNBpnASnIROm43e&index=4,0.0,,Masterclass,Danya,,,,
5,1,666.0,B,1. e5 e3,https://www.youtube.com/watch?v=LJa5Df75CJI&list=PLT1F2nOxLHOefj_z54LNBpnASnIROm43e&index=5,2.0,,Masterclass,Danya,,,,
6,1,744.0,W,Philidor,https://www.youtube.com/watch?v=NnQmNvrOmCI&list=PLT1F2nOxLHOefj_z54LNBpnASnIROm43e&index=6,0.0,,Masterclass,Danya,,,,
7,1,754.0,B,1. d4 d5 2. g3,https://www.youtube.com/watch?v=-9fPYlSEkJ0&list=PLT1F2nOxLHOefj_z54LNBpnASnIROm43e&index=7,0.0,,Masterclass,Danya,,,,
8,1,867.0,W,Danish Gambit Declined,https://www.youtube.com/watch?v=iXZDALKuDEc&list=PLT1F2nOxLHOefj_z54LNBpnASnIROm43e&index=8,0.0,,Masterclass,Danya,,,,
9,1,889.0,B,Blackmar-Diemer Gambit,https://www.youtube.com/watch?v=KAH-POAsnyE&list=PLT1F2nOxLHOefj_z54LNBpnASnIROm43e&index=9,0.0,,Masterclass,Danya,,,,
10,1,924.0,B,Caro Kann,https://www.youtube.com/watch?v=UXWYC8k7Gas&list=PLT1F2nOxLHOefj_z54LNBpnASnIROm43e&index=10,0.0,,Masterclass,Danya,,,,
10,2,943.0,W,Danish Gambit Declined,https://www.youtube.com/watch?v=UXWYC8k7Gas&list=PLT1F2nOxLHOefj_z54LNBpnASnIROm43e&index=10,19.15,,Masterclass,Danya,,,,
11,1,963.0,W,Smith-Morra Declined,https://www.youtube.com/watch?v=e4sg69QooO0&list=PLT1F2nOxLHOefj_z54LNBpnASnIROm43e&index=11,0.0,,Masterclass,Danya,,,,
11,2,983.0,B,Caro Kann,,13.13,,Masterclass,Danya,,,,
12,1,995.0,W,Danish Gambit Declined,https://www.youtube.com/watch?v=IloLuuXW7lE&list=PLT1F2nOxLHOefj_z54LNBpnASnIROm43e&index=12,0.0,,Masterclass,Danya,,,,
12,2,1007.0,B,Caro Kann,https://www.youtube.com/watch?v=IloLuuXW7lE&list=PLT1F2nOxLHOefj_z54LNBpnASnIROm43e&index=12,16.3,,Masterclass,Danya,,,,
13,1,1025.0,W,Danish Gambit Declined,https://www.youtube.com/watch?v=ltHf6dLgdLo&list=PLT1F2nOxLHOefj_z54LNBpnASnIROm43e&index=13,0.0,,Masterclass,Danya,,,,
14,1,1040.0,B,Alekhine / Scandi,https://www.youtube.com/watch?v=br2ThhGdJXU&list=PLT1F2nOxLHOefj_z54LNBpnASnIROm43e&index=14,0.0,,Masterclass,Danya,,,,
14,2,1054.0,B,Alekhine,,15.2,,Masterclass,Danya,,,,
15,1,1078.0,B,Advance Caro,https://www.youtube.com/watch?v=4GIsh7cTsHc&list=PLT1F2nOxLHOefj_z54LNBpnASnIROm43e&index=15,0.0,,Masterclass,Danya,,,,
16,1,1089.0,W,Danish Gambit Declined,https://www.youtube.com/watch?v=cmJbc_BzTp8&list=PLT1F2nOxLHOefj_z54LNBpnASnIROm43e&index=16,0.0,,Masterclass,Danya,,,,
16,2,1102.0,W,Danish Gambit Declined,,2.3,,Masterclass,Danya,,,,
16,3,1113.0,B,Nimzo Indian,,6.09,,Masterclass,Danya,,,,
16,4,1125.0,B,Advance Caro,,16.52,,Masterclass,Danya,,,,
17,1,1138.0,W,Danish Gambit Accepted,https://www.youtube.com/watch?v=RSZfxqk9wNc&list=PLT1F2nOxLHOefj_z54LNBpnASnIROm43e&index=17,0.0,,Masterclass,Danya,,,,
17,2,1151.0,W,Fantasy Caro Kann,,17.0,,Masterclass,Danya,,,,
18,1,1151.0,W,Modern/Hippo,https://www.youtube.com/watch?v=ADPy7sCbiUU&list=PLT1F2nOxLHOefj_z54LNBpnASnIROm43e&index=18,0.0,,Masterclass,Danya,,,,
18,2,1158.0,B,Advance Caro,,8.55,,Masterclass,Danya,,,,
19,1,1171.0,B,Advance Caro,https://www.youtube.com/watch?v=kO4qTTR0B7o&list=PLT1F2nOxLHOefj_z54LNBpnASnIROm43e&index=19,0.0,,Masterclass,Danya,,,,
19,2,1183.0,B,Exchange Caro Kann,,10.25,,Masterclass,Danya,,,,
20,1,1191.0,W,Queen's Gambit Accepted,https://www.youtube.com/watch?v=utcO6odBZIg&list=PLT1F2nOxLHOefj_z54LNBpnASnIROm43e&index=20,0.0,,Masterclass,Danya,,,,
20,2,1202.0,B,Caro Kann,,13.45,,Masterclass,Danya,,,,
20,3,1213.0,W,Advance French,,21.27,,Masterclass,Danya,,,,
21,1,1250.0,W,Danish Gambit Declined,https://www.youtube.com/watch?v=xeoof3v45mk&list=PLT1F2nOxLHOefj_z54LNBpnASnIROm43e&index=21,0.0,,Masterclass,Danya,,,,
22,1,1261.0,W,Caro Kann / Panov Attack,https://www.youtube.com/watch?v=KV90PAgPO2A&list=PLT1F2nOxLHOefj_z54LNBpnASnIROm43e&index=22,0.0,,Masterclass,Danya,,,,
23,1,1269.0,B,Alekhine,https://www.youtube.com/watch?v=OQsa_sdKzjY&list=PLT1F2nOxLHOefj_z54LNBpnASnIROm43e&index=23,0.0,,Masterclass,Danya,,,,
24,1,1281.0,B,Lisitsin Gambit,https://www.youtube.com/watch?v=x-TMzSM51Cw&list=PLT1F2nOxLHOefj_z54LNBpnASnIROm43e&index=24,0.0,,Masterclass,Danya,,,,
24,2,1289.0,W,Scotch Gambit,,20.15,,Masterclass,Danya,,,,
25,1,1298.0,W,Philidor,https://www.youtube.com/watch?v=xp727Z8dXZc&list=PLT1F2nOxLHOefj_z54LNBpnASnIROm43e&index=25,0.0,,Masterclass,Danya,,,,
25,2,1307.0,B,Advance Caro,,9.0,,Masterclass,Danya,,,,
26,1,1317.0,W,Smith-Morra Accepted,https://www.youtube.com/watch?v=Lkxw7bVvnHs&list=PLT1F2nOxLHOefj_z54LNBpnASnIROm43e&index=26,0.0,,Masterclass,Danya,,,,
26,2,1323.0,B,1. d4 ... 3. g3,,10.25,,Masterclass,Danya,,,,
27,1,1332.0,W,Danish Gambit Accepted,https://www.youtube.com/watch?v=dowe5Oy7u_Y&list=PLT1F2nOxLHOefj_z54LNBpnASnIROm43e&index=27,0.0,,Masterclass,Danya,,,,
28,1,1343.0,B,Advance Caro,https://www.youtube.com/watch?v=jPhLlZ4_c1A&list=PLT1F2nOxLHOefj_z54LNBpnASnIROm43e&index=28,0.0,,Masterclass,Danya,,,,
28,2,1358.0,W,Nimzo-Larsen,,7.25,,Masterclass,Danya,,,,
29,1,1360.0,B,Smith-Morra Declined,https://www.youtube.com/watch?v=_Y-iXy9b4Ew&list=PLT1F2nOxLHOefj_z54LNBpnASnIROm43e&index=29,0.0,,Masterclass,Danya,,,,
30,1,1379.0,B,Sicilian,https://www.youtube.com/watch?v=f5V0W6btKdY&list=PLT1F2nOxLHOefj_z54LNBpnASnIROm43e&index=30,0.0,,Masterclass,Danya,,,,
31,1,1385.0,W,Bad King's Indian,https://www.youtube.com/watch?v=yXliDC1I0U0&list=PLT1F2nOxLHOefj_z54LNBpnASnIROm43e&index=31,0.0,,Masterclass,Danya,,,,
32,1,1434.0,B,Sicilian,https://www.youtube.com/watch?v=CZC9BI_joNU&list=PLT1F2nOxLHOefj_z54LNBpnASnIROm43e&index=32,0.0,,Masterclass,Danya,,,,
32,2,1442.0,W,1. e4 Nc6,,9.0,,Masterclass,Danya,1. e4 Nc6,,,
33,1,1452.0,B,Queen's Indian,https://www.youtube.com/watch?v=kudYuwgjAeY&list=PLT1F2nOxLHOefj_z54LNBpnASnIROm43e&index=33,0.0,,Masterclass,Danya,,,,
34,1,1497.0,W,Open Sicilian,https://www.youtube.com/watch?v=ihv2TK04WPg&list=PLT1F2nOxLHOefj_z54LNBpnASnIROm43e&index=34,0.0,,Masterclass,Danya,,,,
35,1,1505.0,B,Accelerated Dragon,https://www.youtube.com/watch?v=qfiO5HGBWWc&list=PLT1F2nOxLHOefj_z54LNBpnASnIROm43e&index=35,0.0,,Masterclass,Danya,,,,
36,1,1512.0,W,Nimzo-Larsen,https://www.youtube.com/watch?v=c6s0bKN5y4E&list=PLT1F2nOxLHOefj_z54LNBpnASnIROm43e&index=37,0.0,,Masterclass,Danya,,,,
37,1,1520.0,W,Open Sicilian,https://www.youtube.com/watch?v=Cjxk_qrmeMY&list=PLT1F2nOxLHOefj_z54LNBpnASnIROm43e&index=37,0.0,,Masterclass,Danya,,,,
37,2,,B,Grunfeld,,,,Masterclass,Danya,,,,
38,1,1533.0,W,Sicilian,https://www.youtube.com/watch?v=mIzJ3LYZvKw&list=PLT1F2nOxLHOefj_z54LNBpnASnIROm43e&index=38,0.0,,Masterclass,Danya,,,,
39,1,1564.0,W,[bishop sac],https://www.youtube.com/watch?v=Gti01VN0zXA&list=PLT1F2nOxLHOefj_z54LNBpnASnIROm43e&index=39,0.0,,Masterclass,Danya,,,,
40,1,1572.0,B,Scotch Gambit,https://www.youtube.com/watch?v=Y-a6cV08zDM&list=PLT1F2nOxLHOefj_z54LNBpnASnIROm43e&index=40,0.0,,Masterclass,Danya,,,,
41,1,1580.0,W,Vienna Gambit,https://www.youtube.com/watch?v=V4lW-6f56Cg&list=PLT1F2nOxLHOefj_z54LNBpnASnIROm43e&index=41,0.0,,Masterclass,Danya,,,,
42,1,1589.0,B,Scandinavian,https://www.youtube.com/watch?v=u1ZSMsWIfBM&list=PLT1F2nOxLHOefj_z54LNBpnASnIROm43e&index=42,0.0,,Masterclass,Danya,,,,
43,1,1590.0,W,Rossolimo Sicilian,https://www.youtube.com/watch?v=k9lpwbZ1Cyw,0.0,,Masterclass,Danya,,,,
43,2,,W,Vienna Gambit,,,,Masterclass,Danya,,,,
44,1,1613.0,W,French Defense / King's Indian Attack,https://www.youtube.com/watch?v=knRe3EsANdg&list=PLT1F2nOxLHOefj_z54LNBpnASnIROm43e&index=44,0.0,,Masterclass,Danya,,,,
45,1,1620.0,B,Caro Kann,https://www.youtube.com/watch?v=fz9td9L2uIo&list=PLT1F2nOxLHOefj_z54LNBpnASnIROm43e&index=45,0.0,,Masterclass,Danya,,,,
46,1,1628.0,B,Exchange Caro Kann,https://www.youtube.com/watch?v=rkoC8ZlqOII&list=PLT1F2nOxLHOefj_z54LNBpnASnIROm43e&index=46,0.0,,Masterclass,Danya,,,,
47,1,1636.0,W,Danish Gambit Accepted,https://www.youtube.com/watch?v=pipfrQRET80&list=PLT1F2nOxLHOefj_z54LNBpnASnIROm43e&index=47,0.0,,Masterclass,Danya,,,,
48,1,1643.0,W,Owen's Defense,https://www.youtube.com/watch?v=2fYsaiS_NS4&list=PLT1F2nOxLHOefj_z54LNBpnASnIROm43e&index=48,0.0,,Masterclass,Danya,,,,
49,1,1650.0,B,Caro Kann Tartakauer,https://www.youtube.com/watch?v=cPVp5TWZR0w&list=PLT1F2nOxLHOefj_z54LNBpnASnIROm43e&index=49,0.0,,Masterclass,Danya,,,,
50,1,1690.0,B,Caro Kann,https://www.youtube.com/watch?v=iuLI_EUlgvE&list=PLT1F2nOxLHOefj_z54LNBpnASnIROm43e&index=50,0.0,,Masterclass,Danya,,,,
51,1,1697.0,W,Smith-Morra Accepted,https://www.youtube.com/watch?v=OMpuTbOzyoc&list=PLT1F2nOxLHOefj_z54LNBpnASnIROm43e&index=51,0.0,,Masterclass,Danya,,,,
52,1,1705.0,W,Fantasy Caro Kann,https://www.youtube.com/watch?v=gyOxMMJWiYg&list=PLT1F2nOxLHOefj_z54LNBpnASnIROm43e&index=52,0.0,,Masterclass,Danya,,,,
53,1,1714.0,W,Danish Gambit Declined,https://www.youtube.com/watch?v=DqBi8Zt412s&list=PLT1F2nOxLHOefj_z54LNBpnASnIROm43e&index=53,0.0,,Masterclass,Danya,,,,
54,1,1721.0,B,Elephant Gambit,https://www.youtube.com/watch?v=DCBwXvH3kH4&list=PLT1F2nOxLHOefj_z54LNBpnASnIROm43e&index=54,0.0,,Masterclass,Danya,,,,
55,1,1736.0,W,King's Indian,https://www.youtube.com/watch?v=2Mys0GRUgM4,0.0,,Masterclass,Danya,,,,
56,1,1753.0,B,English,https://www.youtube.com/watch?v=ye0OP1Bu_hs,0.0,,Masterclass,Danya,,,,
57,1,1762.0,W,1. d4 e6,https://www.youtube.com/watch?v=5o8LUjvHFZA,0.0,,Masterclass,Danya,1. d4 e6,,,
58,1,1769.0,B,London,https://www.youtube.com/watch?v=lyUZn39V6TY,0.0,,Masterclass,Danya,,,,
59,1,1778.0,B,Veresov,https://www.youtube.com/watch?v=o17K4WiESWQ,0.0,,Masterclass,Danya,,,,
59,2,,W,Benoni,,,,Masterclass,Danya,,,,
60,1,1783.0,B,London,https://www.youtube.com/watch?v=TSM7CFcJ1L0,0.0,,Masterclass,Danya,,,,
61,1,1793.0,W,Vienna Gambit,https://www.youtube.com/watch?v=YgMVGhponbU,0.0,,Masterclass,Danya,,,,
62,1,1806.0,B,Stafford,https://www.youtube.com/watch?v=8urm2D1HhX8&list=PLT1F2nOxLHOefj_z54LNBpnASnIROm43e&index=62,0.0,,Masterclass,Danya,,,,
62,2,1815.0,W,Bongcloud,,,,Masterclass,Danya,,,,
63,1,1826.0,B,Alapin Sicilian,https://www.youtube.com/watch?v=0fb75Z-i03A&list=PLT1F2nOxLHOefj_z54LNBpnASnIROm43e&index=63,0.0,,Masterclass,Danya,,,,
64,1,1831.0,W,Grunfeld,https://www.youtube.com/watch?v=Di-5aO2lddU,0.0,,Masterclass,Danya,,,,
65,1,1840.0,W,King's Indian,https://www.youtube.com/watch?v=B0AdPztLsHs&list=PLT1F2nOxLHOefj_z54LNBpnASnIROm43e&index=65,0.0,,Masterclass,Danya,,,,
66,1,1847.0,B,3 Knights,https://www.youtube.com/watch?v=DO28z1MTaC8&list=PLT1F2nOxLHOefj_z54LNBpnASnIROm43e&index=66,0.0,,Masterclass,Danya,,,,
67,1,1855.0,B,3 Knights,https://www.youtube.com/watch?v=_4xbS0Crtic&list=PLT1F2nOxLHOefj_z54LNBpnASnIROm43e&index=67,0.0,,Masterclass,Danya,,,,
68,1,1255.0,W,Fantasy Caro Kann,https://www.youtube.com/watch?v=mCzuNeWLYBs&list=PLT1F2nOxLHOefj_z54LNBpnASnIROm43e&index=68,0.0,,Masterclass,Danya,,,,
69,1,1864.0,W,1. d4 b5,https://www.youtube.com/watch?v=S-ZY3NtFO20&list=PLT1F2nOxLHOefj_z54LNBpnASnIROm43e&index=69,0.0,,Masterclass,Danya,1. d4 b5,,,
70,1,1881.0,W,Scandinavian,https://www.youtube.com/watch?v=_j8aiuqS4_0&list=PLT1F2nOxLHOefj_z54LNBpnASnIROm43e&index=70,0.0,,Masterclass,Danya,,,,
71,1,1888.0,B,Modern,https://www.youtube.com/watch?v=YQhpedRR2Y4&list=PLT1F2nOxLHOefj_z54LNBpnASnIROm43e&index=71,0.0,,Masterclass,Danya,,,,
72,1,,W,Englund Gambit,https://www.youtube.com/watch?v=hv0P9kotpJw&list=PLT1F2nOxLHOefj_z54LNBpnASnIROm43e&index=72,0.0,,Masterclass,Danya,,,,
73,1,,B,King's Gambit,https://www.youtube.com/watch?v=TPTu9YuBMwU&list=PLT1F2nOxLHOefj_z54LNBpnASnIROm43e&index=73,0.0,,Masterclass,Danya,,,,
74,1,1910.0,B,London / King's Indian,https://www.youtube.com/watch?v=Ap793xYua4w&list=PLT1F2nOxLHOefj_z54LNBpnASnIROm43e,0.0,,Masterclass,Danya,,,,
75,1,1917.0,W,Alekhine,https://www.youtube.com/watch?v=Nd2NeAbF3k8&list=PLT1F2nOxLHOefj_z54LNBpnASnIROm43e&index=75,0.0,,Masterclass,Danya,,,,
76,1,1926.0,B,Budapest Gambit,https://www.youtube.com/watch?v=iLiE-uWRfBc&list=PLT1F2nOxLHOefj_z54LNBpnASnIROm43e&index=76,0.0,,Masterclass,Danya,,,,
77,1,2087.0,B,Ruy Lopez/ Marshall,https://www.youtube.com/watch?v=TNaKFN65B5o&list=PLT1F2nOxLHOefj_z54LNBpnASnIROm43e&index=78,0.0,,Masterclass,Danya,,,,
78,1,2094.0,W,Alekhine / 4 Pawns,https://www.youtube.com/watch?v=1rcEbI44WqE&list=PLT1F2nOxLHOefj_z54LNBpnASnIROm43e&index=78,0.0,,Masterclass,Danya,,,,
79,1,2102.0,B,Grunfeld,https://www.youtube.com/watch?v=l6IwRWbovRU&list=PLT1F2nOxLHOefj_z54LNBpnASnIROm43e&index=79,0.0,,Masterclass,Danya,,,,
80,1,2120.0,B,Nimzowich Sicilian,https://www.youtube.com/watch?v=kVIQEb0fOPg&list=PLT1F2nOxLHOefj_z54LNBpnASnIROm43e&index=80,0.0,,Masterclass,Danya,,,,
81,1,2130.0,W,French Defense / King's Indian Attack,https://www.youtube.com/watch?v=QUk_oflYX0M&list=PLT1F2nOxLHOefj_z54LNBpnASnIROm43e&index=81,0.0,,Masterclass,Danya,,,,
82,1,1000.0,W,Queen's Gambit Accepted,https://www.youtube.com/watch?v=hX6W4X_CqkA&list=PLT1F2nOxLHOefj_z54LNBpnASnIROm43e&index=82,0.0,,Masterclass,Danya,,,,
83,1,2137.0,W,French,https://www.youtube.com/watch?v=-Am8glebGwQ&list=PLT1F2nOxLHOefj_z54LNBpnASnIROm43e&index=83,0.0,,Masterclass,Danya,,,,
84,1,2137.0,B,Chigorin,https://www.youtube.com/watch?v=TyzvlcfCUDg&list=PLT1F2nOxLHOefj_z54LNBpnASnIROm43e&index=84,0.0,,Masterclass,Danya,,,,
84,2,1394.0,B,Baltic,,20.15,,Masterclass,Danya,,,,
85,1,2150.0,B,Accelerated Dragon,https://www.youtube.com/watch?v=kYbh2NTFsS8&list=PLT1F2nOxLHOefj_z54LNBpnASnIROm43e&index=85,0.0,,Masterclass,Danya,,,,
86,1,2160.0,W,Nimzo-Larsen,https://www.youtube.com/watch?v=MWMloBpKuVg&list=PLT1F2nOxLHOefj_z54LNBpnASnIROm43e&index=86,0.0,,Masterclass,Danya,,,,
87,1,2170.0,B,Colle System,https://www.youtube.com/watch?v=4e6zHMBUgvg&list=PLT1F2nOxLHOefj_z54LNBpnASnIROm43e&index=87,0.0,,Masterclass,Danya,,,,
88,1,2180.0,W,Modern,https://www.youtube.com/watch?v=iCtRgphJ3_8&list=PLT1F2nOxLHOefj_z54LNBpnASnIROm43e&index=88,0.0,,Masterclass,Danya,,,,
89,1,2190.0,B,Alapin Sicilian,https://www.youtube.com/watch?v=C14ui8o_esM&list=PLT1F2nOxLHOefj_z54LNBpnASnIROm43e&index=89,0.0,,Masterclass,Danya,,,,
90,1,2195.0,B,Caro Kann,https://www.youtube.com/watch?v=K8QMjqu0_MY&list=PLT1F2nOxLHOefj_z54LNBpnASnIROm43e&index=90,0.0,,Masterclass,Danya,,,,
91,1,2190.0,W,French Defense,https://www.youtube.com/watch?v=bRMHNmDMLqw&list=PLT1F2nOxLHOefj_z54LNBpnASnIROm43e&index=91,0.0,,Masterclass,Danya,,,,
92,1,2197.0,W,French Defense,https://www.youtube.com/watch?v=FozbGMUOOjs&list=PLT1F2nOxLHOefj_z54LNBpnASnIROm43e&index=92,0.0,,Masterclass,Danya,,,,
1,1,700.0,W,1.e4 ... 2. ... Qf6,https://www.youtube.com/watch?v=sfjI4jEY58s&list=PLT1F2nOxLHOeyyw85utYJpWtSmxvA-2WR&index=1,0.0,,Sensei,Danya,,,,
2,1,744.0,B,Italian,https://www.youtube.com/watch?v=MvaAX4pTvYU&list=PLT1F2nOxLHOeyyw85utYJpWtSmxvA-2WR&index=2,0.0,,Sensei,Danya,,,,
3,1,796.0,W,QGD,https://www.youtube.com/watch?v=HAMhInc37gI&list=PLT1F2nOxLHOeyyw85utYJpWtSmxvA-2WR&index=3,0.0,,Sensei,Danya,,,,
4,1,931.0,B,Italian,https://www.youtube.com/watch?v=1671V8LrEwk&list=PLT1F2nOxLHOeyyw85utYJpWtSmxvA-2WR&index=4,0.0,,Sensei,Danya,,,,
5,1,1000.0,W,Scotch,https://www.youtube.com/watch?v=vzR7wHdNuOU&list=PLT1F2nOxLHOeyyw85utYJpWtSmxvA-2WR&index=5,0.0,,Sensei,Danya,,,,
6,1,1017.0,W,4 Knights Scotch,https://www.youtube.com/watch?v=vMY6Wr3niUg&list=PLT1F2nOxLHOeyyw85utYJpWtSmxvA-2WR&index=6,0.0,,Sensei,Danya,,,,
7,1,1000.0,W,Alapin,https://www.youtube.com/watch?v=uJro3yCDEgk&list=PLT1F2nOxLHOeyyw85utYJpWtSmxvA-2WR&index=7,0.0,,Sensei,Danya,,,,
8,1,1092.0,B,QGD / Colle,https://www.youtube.com/watch?v=k9EmWn_MvQc&list=PLT1F2nOxLHOeyyw85utYJpWtSmxvA-2WR&index=8,0.0,,Sensei,Danya,,,,
9,1,1112.0,W,Modern / Advance French,https://www.youtube.com/watch?v=Qkv7D-BGAt4&list=PLT1F2nOxLHOeyyw85utYJpWtSmxvA-2WR&index=9,0.0,,Sensei,Danya,,,,
10,1,1130.0,B,QGD,https://www.youtube.com/watch?v=lLkqjBOGgek&list=PLT1F2nOxLHOeyyw85utYJpWtSmxvA-2WR&index=10,0.0,,Sensei,Danya,,,,
11,1,1180.0,B,London,https://www.youtube.com/watch?v=wrk4e6bGi1Y&list=PLT1F2nOxLHOeyyw85utYJpWtSmxvA-2WR&index=12,0.0,,Sensei,Danya,,,,
11,2,,W,Alapin,,11.45,,Sensei,Danya,,,,
12,1,1210.0,B,Ponziani,https://www.youtube.com/watch?v=iZyf2oBcR9Q&list=PLT1F2nOxLHOeyyw85utYJpWtSmxvA-2WR&index=12,0.0,,Sensei,Danya,,,,
13,1,1234.0,B,Hippo,https://www.youtube.com/watch?v=4Y88u0Qjd5s&list=PLT1F2nOxLHOeyyw85utYJpWtSmxvA-2WR&index=13,0.0,,Sensei,Danya,,,,
14,1,1251.0,W,Scandinavian,https://www.youtube.com/watch?v=BzN6MEleBlQ&list=PLT1F2nOxLHOeyyw85utYJpWtSmxvA-2WR&index=14,0.0,,Sensei,Danya,,,,
15,1,1279.0,W,Sicilian Drazic,https://www.youtube.com/watch?v=gcx89fY8nZQ&list=PLT1F2nOxLHOeyyw85utYJpWtSmxvA-2WR&index=15,0.0,,Sensei,Danya,,,,
16,1,1294.0,B,Italian,https://www.youtube.com/watch?v=Qewug63GIqc&list=PLT1F2nOxLHOeyyw85utYJpWtSmxvA-2WR&index=16,0.0,,Sensei,Danya,,,,
17,1,1308.0,W,Alapin,https://www.youtube.com/watch?v=o29kg7LLAVg&list=PLT1F2nOxLHOeyyw85utYJpWtSmxvA-2WR&index=17,0.0,,Sensei,Danya,,,,
18,1,1330.0,B,Ruy Lopez,https://www.youtube.com/watch?v=KwbAHRLJ1RY&list=PLT1F2nOxLHOeyyw85utYJpWtSmxvA-2WR&index=18,0.0,,Sensei,Danya,,,,
19,1,1330.0,W,Philidor,https://www.youtube.com/watch?v=IMBSR0A9nJs&list=PLT1F2nOxLHOeyyw85utYJpWtSmxvA-2WR&index=19,0.0,,Sensei,Danya,,,,
20,1,1347.0,W,1. e4 2. Bishop Sac,https://www.youtube.com/watch?v=u6uLgifbn5I&list=PLT1F2nOxLHOeyyw85utYJpWtSmxvA-2WR&index=20,0.0,,Sensei,Danya,,,,
21,1,1358.0,B,Scotch Gambit,https://www.youtube.com/watch?v=NqtT3roFaBs&list=PLT1F2nOxLHOeyyw85utYJpWtSmxvA-2WR&index=21,0.0,,Sensei,Danya,,,,
22,1,1375.0,B,1. e3,https://www.youtube.com/watch?v=YFoByIzKGUk&list=PLT1F2nOxLHOeyyw85utYJpWtSmxvA-2WR&index=23,0.0,,Sensei,Danya,,,,
23,1,1386.0,W,Alapin,https://www.youtube.com/watch?v=cKeN_oR3VEA&list=PLT1F2nOxLHOeyyw85utYJpWtSmxvA-2WR&index=23,0.0,,Sensei,Danya,,,,
24,1,1397.0,B,King's Gambit,https://www.youtube.com/watch?v=hBzXn8Kdaao&list=PLT1F2nOxLHOeyyw85utYJpWtSmxvA-2WR&index=24,0.0,,Sensei,Danya,,,,
25,1,1413.0,W,Alapin,https://www.youtube.com/watch?v=1tbpB-Qrqds&list=PLT1F2nOxLHOeyyw85utYJpWtSmxvA-2WR&index=25,0.0,,Sensei,Danya,,,,
26,1,1423.0,B,Hippo,https://www.youtube.com/watch?v=24yObE8SLzY&list=PLT1F2nOxLHOeyyw85utYJpWtSmxvA-2WR&index=26,0.0,,Sensei,Danya,,,,
27,1,1434.0,B,Colle System,https://www.youtube.com/watch?v=tPdiNtdFe98&list=PLT1F2nOxLHOeyyw85utYJpWtSmxvA-2WR&index=27,0.0,,Sensei,Danya,,,,
28,1,1447.0,W,Scandinavian,https://www.youtube.com/watch?v=ieznxMQccW0&list=PLT1F2nOxLHOeyyw85utYJpWtSmxvA-2WR&index=28,0.0,,Sensei,Danya,,,,
29,1,1457.0,W,Scandinavian,https://www.youtube.com/watch?v=jL_wSA6EeY8&list=PLT1F2nOxLHOeyyw85utYJpWtSmxvA-2WR&index=29,0.0,,Sensei,Danya,,,,
30,1,1469.0,W,Bongcloud,https://www.youtube.com/watch?v=HvrXmUORIcQ&list=PLT1F2nOxLHOeyyw85utYJpWtSmxvA-2WR&index=30,0.0,,Sensei,Danya,,,,
31,1,1478.0,W,4 Knights Scotch,https://www.youtube.com/watch?v=D7sbbap9lIc&list=PLT1F2nOxLHOeyyw85utYJpWtSmxvA-2WR&index=31,0.0,,Sensei,Danya,,,,
32,1,1489.0,B,Colle System,https://www.youtube.com/watch?v=91lZ8sfu-XU&list=PLT1F2nOxLHOeyyw85utYJpWtSmxvA-2WR&index=32,0.0,,Sensei,Danya,,,,
33,1,1499.0,W,4 Knights Scotch,https://www.youtube.com/watch?v=2cZZQyrF_HU&list=PLT1F2nOxLHOeyyw85utYJpWtSmxvA-2WR&index=33,0.0,,Sensei,Danya,,,,
34,1,1510.0,W,Vienna Game,https://www.youtube.com/watch?v=WQFcuBCL1F4&list=PLT1F2nOxLHOeyyw85utYJpWtSmxvA-2WR&index=34,0.0,,Sensei,Danya,,,,
35,1,1521.0,B,Italian,https://www.youtube.com/watch?v=TvgWwc1dBb8&list=PLT1F2nOxLHOeyyw85utYJpWtSmxvA-2WR&index=35,0.0,,Sensei,Danya,,,,
36,1,1535.0,W,St. George's Defense,https://www.youtube.com/watch?v=wbCZq2_-xM0&list=PLT1F2nOxLHOeyyw85utYJpWtSmxvA-2WR&index=36,0.0,,Sensei,Danya,,,,
37,1,1545.0,W,4 Knights Scotch,https://www.youtube.com/watch?v=qbin8r7EErE&list=PLT1F2nOxLHOeyyw85utYJpWtSmxvA-2WR&index=37,0.0,,Sensei,Danya,,,,
38,1,1555.0,B,Scotch,https://www.youtube.com/watch?v=H0Fln-ujA3w&list=PLT1F2nOxLHOeyyw85utYJpWtSmxvA-2WR&index=38,0.0,,Sensei,Danya,,,,
39,1,1564.0,W,Smith-Morra Accepted,https://www.youtube.com/watch?v=ft4drtuFhMU&list=PLT1F2nOxLHOeyyw85utYJpWtSmxvA-2WR&index=39,0.0,,Sensei,Danya,,,,
40,1,1573.0,W,4 Knights Scotch,https://www.youtube.com/watch?v=ZcnmkrOqh8s&list=PLT1F2nOxLHOeyyw85utYJpWtSmxvA-2WR&index=40,0.0,,Sensei,Danya,,,,
41,1,1591.0,B,Chigorin,https://www.youtube.com/watch?v=KJTX68hK87w,0.0,,Sensei,Danya,,,,
42,1,1600.0,W,Smith-Morra Accepted,https://www.youtube.com/watch?v=LvWVEAyZzxc&list=PLT1F2nOxLHOeyyw85utYJpWtSmxvA-2WR&index=42,0.0,,Sensei,Danya,,,,
43,1,1608.0,W,Owen's Defense,https://www.youtube.com/watch?v=oF7Rh6qXj1A&list=PLT1F2nOxLHOeyyw85utYJpWtSmxvA-2WR&index=43,0.0,,Sensei,Danya,,,,
44,1,1616.0,B,Baltic,https://www.youtube.com/watch?v=4EXCxC9UxI0&list=PLT1F2nOxLHOeyyw85utYJpWtSmxvA-2WR&index=44,0.0,,Sensei,Danya,,,,
45,1,1625.0,B,English,https://www.youtube.com/watch?v=Twv9FExvwSw&list=PLT1F2nOxLHOeyyw85utYJpWtSmxvA-2WR&index=45,0.0,,Sensei,Danya,,,,
46,1,1635.0,B,Accelerated Dragon,https://www.youtube.com/watch?v=qhHtJcXkkfg&list=PLT1F2nOxLHOeyyw85utYJpWtSmxvA-2WR&index=46,0.0,,Sensei,Danya,,,,
47,1,1651.0,W,Philidor,https://www.youtube.com/watch?v=QOb_ElHrC14&list=PLT1F2nOxLHOeyyw85utYJpWtSmxvA-2WR&index=47,0.0,,Sensei,Danya,,,,
48,1,1659.0,W,4 Knights Scotch,https://www.youtube.com/watch?v=mCB8n7v0MEA&list=PLT1F2nOxLHOeyyw85utYJpWtSmxvA-2WR&index=48,0.0,,Sensei,Danya,,,,
49,1,1665.0,W,Smith-Morra Accepted,https://www.youtube.com/watch?v=Wwp9E6P-AHo&list=PLT1F2nOxLHOeyyw85utYJpWtSmxvA-2WR&index=49,0.0,,Sensei,Danya,,,,
50,1,1672.0,W,Pirc,https://www.youtube.com/watch?v=l65FZlRkWcM&list=PLT1F2nOxLHOeyyw85utYJpWtSmxvA-2WR&index=50,0.0,,Sensei,Danya,,,,
51,1,1680.0,W,4 Knights Scotch,https://www.youtube.com/watch?v=7xgOCneMX8s&list=PLT1F2nOxLHOeyyw85utYJpWtSmxvA-2WR&index=51,0.0,,Sensei,Danya,,,,
52,1,1688.0,B,Hippo,https://www.youtube.com/watch?v=Mre1JH64oWs&list=PLT1F2nOxLHOeyyw85utYJpWtSmxvA-2WR&index=52,0.0,,Sensei,Danya,,,,
53,1,1696.0,B,Budapest Gambit,https://www.youtube.com/watch?v=k7R9Omne_1Y,0.0,,Sensei,Danya,,,,
54,1,1704.0,W,Advance French,https://www.youtube.com/watch?v=9XUJ2GmQ2CU&list=PLT1F2nOxLHOeyyw85utYJpWtSmxvA-2WR&index=54,0.0,,Sensei,Danya,,,,
55,1,1711.0,B,Scotch Gambit,https://www.youtube.com/playlist?list=PLT1F2nOxLHOeyyw85utYJpWtSmxvA-2WR,0.0,,Sensei,Danya,,,,
56,1,1713.0,B,QGD,https://www.youtube.com/watch?v=X6HE6h1OjRQ&list=PLT1F2nOxLHOeyyw85utYJpWtSmxvA-2WR&index=56,0.0,,Sensei,Danya,,,,
57,1,1706.0,W,Philidor,https://www.youtube.com/watch?v=nRdpLwXRIk4&list=PLT1F2nOxLHOeyyw85utYJpWtSmxvA-2WR&index=57,0.0,,Sensei,Danya,,,,
58,1,1720.0,W,Owen's Defense,https://www.youtube.com/watch?v=_JQ-AH3OYQ4&list=PLT1F2nOxLHOeyyw85utYJpWtSmxvA-2WR&index=58,0.0,,Sensei,Danya,,,,
58,2,,B,Ruy Lopez / Marshall,,8.0,,Sensei,Danya,,,,
59,1,1738.0,B,Budapest Gambit,https://www.youtube.com/watch?v=vB8yLBR5lHs&list=PLT1F2nOxLHOeyyw85utYJpWtSmxvA-2WR&index=59,0.0,,Sensei,Danya,,,,
60,1,1745.0,W,Smith-Morra Accepted,https://www.youtube.com/watch?v=vH3fLZ7Y4YM&list=PLT1F2nOxLHOeyyw85utYJpWtSmxvA-2WR&index=60,0.0,,Sensei,Danya,,,,
61,1,1754.0,W,Smith-Morra Accepted,https://www.youtube.com/watch?v=vH3fLZ7Y4YM&list=PLT1F2nOxLHOeyyw85utYJpWtSmxvA-2WR&index=60,0.0,,Sensei,Danya,,,,
62,1,1773.0,B,4 Knights,https://www.youtube.com/watch?v=zmdiLoeqFyU&list=PLT1F2nOxLHOeyyw85utYJpWtSmxvA-2WR&index=62,0.0,,Sensei,Danya,,,,
63,1,1781.0,W,Smith-Morra Accepted,https://www.youtube.com/watch?v=sqVkwtfaFwI&list=PLT1F2nOxLHOeyyw85utYJpWtSmxvA-2WR&index=63,0.0,,Sensei,Danya,,,,
64,1,1790.0,W,Advance French,https://www.youtube.com/watch?v=hw9tEjYabd8&list=PLT1F2nOxLHOeyyw85utYJpWtSmxvA-2WR&index=64,0.0,,Sensei,Danya,,,,
65,1,1801.0,B,Alapin,https://www.youtube.com/watch?v=Dj_hLEdDpAg&list=PLT1F2nOxLHOeyyw85utYJpWtSmxvA-2WR&index=65,0.0,,Sensei,Danya,,,,
66,1,1810.0,B,Stonewall Attack,https://www.youtube.com/watch?v=FtTdaYxkDeY&list=PLT1F2nOxLHOeyyw85utYJpWtSmxvA-2WR&index=66,0.0,,Sensei,Danya,,,,
67,1,1818.0,W,Caro Kann Fantasy,https://www.youtube.com/watch?v=i8G7wozMNcU&list=PLT1F2nOxLHOeyyw85utYJpWtSmxvA-2WR&index=67,0.0,,Sensei,Danya,,,,
68,1,1826.0,B,Caro Kann Exchange,https://www.youtube.com/watch?v=Z5QLUtjiGFg&list=PLT1F2nOxLHOeyyw85utYJpWtSmxvA-2WR&index=68,0.0,,Sensei,Danya,,,,
69,1,1834.0,B,4 Knights Scotch,https://www.youtube.com/watch?v=3XUh57mV8a8&list=PLT1F2nOxLHOeyyw85utYJpWtSmxvA-2WR&index=69,0.0,,Sensei,Danya,,,,
70,1,1843.0,W,Queen's Gambit Accepted,https://www.youtube.com/watch?v=U7pqt57VwuU&list=PLT1F2nOxLHOeyyw85utYJpWtSmxvA-2WR&index=70,0.0,,Sensei,Danya,,,,
71,1,1853.0,W,Scandinavian,https://www.youtube.com/watch?v=1zfJ7ABoh8k&list=PLT1F2nOxLHOeyyw85utYJpWtSmxvA-2WR&index=71,0.0,,Sensei,Danya,,,,
72,1,1863.0,B,King's Indian,https://www.youtube.com/watch?v=Es8YFQCP2TM&list=PLT1F2nOxLHOeyyw85utYJpWtSmxvA-2WR&index=72,0.0,,Sensei,Danya,,,,
73,1,1863.0,B,Sicilian,https://www.youtube.com/watch?v=LYStFYLTCno&list=PLT1F2nOxLHOeyyw85utYJpWtSmxvA-2WR&index=73,0.0,,Sensei,Danya,,,,
74,1,1876.0,W,Alekhine,https://www.youtube.com/watch?v=jwFOi039eeg&list=PLT1F2nOxLHOeyyw85utYJpWtSmxvA-2WR&index=74,0.0,,Sensei,Danya,,,,
75,1,1886.0,W,Smith-Morra Accepted,https://www.youtube.com/watch?v=kbQl_tsSo8w&list=PLT1F2nOxLHOeyyw85utYJpWtSmxvA-2WR&index=75,0.0,,Sensei,Danya,,,,
76,1,1897.0,B,Sicilian 1. e4 2. f4,https://www.youtube.com/watch?v=d-CFu7RMVoY&list=PLT1F2nOxLHOeyyw85utYJpWtSmxvA-2WR&index=76,0.0,,Sensei,Danya,,,,
77,1,1908.0,B,Scotch,https://www.youtube.com/watch?v=NQQnQ9X9dL8&list=PLT1F2nOxLHOeyyw85utYJpWtSmxvA-2WR&index=77,0.0,,Sensei,Danya,,,,
78,1,1923.0,W,Scandinavian,https://www.youtube.com/watch?v=INCkZzSMk98&list=PLT1F2nOxLHOeyyw85utYJpWtSmxvA-2WR&index=78,0.0,,Sensei,Danya,,,,
79,1,1938.0,B,Alekhine,https://www.youtube.com/watch?v=9qWUk9eDpTg&list=PLT1F2nOxLHOeyyw85utYJpWtSmxvA-2WR&index=79,0.0,,Sensei,Danya,,,,
80,1,1951.0,W,4 Knights Scotch,https://www.youtube.com/watch?v=-t1i9fKUUiI&list=PLT1F2nOxLHOeyyw85utYJpWtSmxvA-2WR&index=80,0.0,,Sensei,Danya,,,,
81,1,1962.0,B,Najdorf,https://www.youtube.com/watch?v=UVJ75kdDdt8&list=PLT1F2nOxLHOeyyw85utYJpWtSmxvA-2WR&index=81,0.0,,Sensei,Danya,,,,
82,1,1974.0,B,Najdorf,https://www.youtube.com/watch?v=TGXiOtbbDLE&list=PLT1F2nOxLHOeyyw85utYJpWtSmxvA-2WR&index=82,0.0,,Sensei,Danya,,,,
83,1,1983.0,W,Smith-Morra Accepted,https://www.youtube.com/watch?v=QcQEDJuJDJg&list=PLT1F2nOxLHOeyyw85utYJpWtSmxvA-2WR&index=83,0.0,,Sensei,Danya,,,,
84,1,1997.0,W,Smith-Morra Accepted,https://www.youtube.com/watch?v=G1UdMY89U1k&list=PLT1F2nOxLHOeyyw85utYJpWtSmxvA-2WR&index=84,0.0,,Sensei,Danya,,,,
85,1,2011.0,B,Najdorf,https://www.youtube.com/watch?v=oUhyUlyh1Fs&list=PLT1F2nOxLHOeyyw85utYJpWtSmxvA-2WR&index=85,0.0,,Sensei,Danya,,,,
86,1,2022.0,W,Scotch / Knight Sac,https://www.youtube.com/watch?v=1PI3xfMiUE4,0.0,,Sensei,Danya,,,,
87,1,2032.0,W,5 Knights Scotch,https://www.youtube.com/watch?v=Ty0DEz4Wevw,0.0,,Sensei,Danya,,,,
87,2,2052.0,B,English,,10.15,,Sensei,Danya,,,,
90,1,2061.0,W,Catalan,https://www.youtube.com/watch?v=EN72rn5tVYI,0.0,,Sensei,Danya,,,,
91,1,2070.0,W,French Tarrasch,https://www.youtube.com/watch?v=ngKFZPlhP2c,0.0,,Sensei,Danya,,,,
92,1,2079.0,B,Nimzo Indian,https://www.youtube.com/watch?v=Gk7MNomOOSA&list=PLT1F2nOxLHOeyyw85utYJpWtSmxvA-2WR&index=92,0.0,,Sensei,Danya,,,,
93,1,2118.0,W,Slav,https://www.youtube.com/watch?v=WmCImz1fv5s,0.0,,Sensei,Danya,,,,
94,1,2127.0,W,Benko Gambit,https://www.youtube.com/watch?v=CXvo1dMF1Qs,0.0,,Sensei,Danya,,,,
95,1,2138.0,W,Smith-Morra Accepted,https://www.youtube.com/watch?reload=9&v=w9n36SfEhfU,0.0,,Sensei,Danya,,,,
96,1,2150.0,W,Owen's Defense,https://www.youtube.com/watch?v=opvsrx5TCdU,0.0,,Sensei,Danya,,,,
97,1,2157.0,B,London,https://www.youtube.com/watch?v=j2PgJHNFH0c,0.0,,Sensei,Danya,1. d4 Nf6,2. Bf4 c5,3. e3 exd4,4. exd4 Qc6
98,1,2165.0,B,"Caro Kann, Exchange Panov",https://www.youtube.com/watch?v=Zko_JUK06vM,0.0,,Sensei,Danya,,,,
99,1,2171.0,B,Sicilian,https://www.youtube.com/watch?v=SV-y9Ai7QkA&list=PLT1F2nOxLHOeyyw85utYJpWtSmxvA-2WR&index=100,0.0,,Sensei,Danya,1. e4 c5,2. Nf3 a6,,
100,1,2181.0,W,Jobava London,https://www.youtube.com/watch?v=Ybg_2qbKXdA&list=PLT1F2nOxLHOeyyw85utYJpWtSmxvA-2WR&index=100,0.0,,Sensei,Danya,,,,
101,1,2194.0,W,Smith-Morra Declined,https://www.youtube.com/watch?v=ac2evoOBWko,0.0,,Sensei,Danya,,,,
102,1,2191.0,W,"Exchange Slav, Boor Attack",https://www.youtube.com/watch?v=QxHsw4ZS2Ts,0.0,,Sensei,Danya,,,,
103,1,2207.0,B,Scotch,https://www.youtube.com/watch?v=1GSLXUHTrzc&list=PLT1F2nOxLHOeyyw85utYJpWtSmxvA-2WR&index=103,0.0,,Sensei,Danya,,,,
104,1,2214.0,W,Smith-Morra Accepted,https://www.youtube.com/watch?v=7ntWn4K1_E4&list=PLT1F2nOxLHOeyyw85utYJpWtSmxvA-2WR&index=104,0.0,,Sensei,Danya,,,,
105,1,2223.0,B,Vienna Gambit,https://www.youtube.com/watch?v=RehhbTF00qQ&list=PLT1F2nOxLHOeyyw85utYJpWtSmxvA-2WR&index=105,0.0,,Sensei,Danya,,,,
106,1,2224.0,W,King's Indian Averbakh,https://www.youtube.com/watch?v=8wVtlbPj9bo&list=PLT1F2nOxLHOeyyw85utYJpWtSmxvA-2WR&index=106,0.0,,Sensei,Danya,,,,
107,1,2232.0,B,Vienna Gambit,https://www.youtube.com/watch?v=NkfhN1_sC4E&list=PLT1F2nOxLHOeyyw85utYJpWtSmxvA-2WR&index=107,0.0,,Sensei,Danya,,,,
108,1,2234.0,W,Jobava London,https://www.youtube.com/watch?v=LuezTOsWVMk&list=PLT1F2nOxLHOeyyw85utYJpWtSmxvA-2WR&index=108,0.0,,Sensei,Danya,,,,
109,1,2248.0,B,King's Indian / 4 Pawns Attack,https://www.youtube.com/watch?v=MmF7dhysiAQ&list=PLT1F2nOxLHOeyyw85utYJpWtSmxvA-2WR&index=109,0.0,,Sensei,Danya,,,,
110,1,2255.0,B,Halloween Gambit,https://www.youtube.com/watch?v=TYKVZpAy5Ow&list=PLT1F2nOxLHOeyyw85utYJpWtSmxvA-2WR&index=110,0.0,,Sensei,Danya,,,,
111,1,2263.0,W,Caro Kann Fantasy,https://www.youtube.com/watch?v=475QvJRimkI&list=PLT1F2nOxLHOeyyw85utYJpWtSmxvA-2WR&index=111,0.0,,Sensei,Danya,,,,
112,1,2273.0,W,QGD,https://www.youtube.com/watch?v=d6tZXETpqT0&list=PLT1F2nOxLHOeyyw85utYJpWtSmxvA-2WR&index=112,0.0,,Sensei,Danya,,,,
113,1,2282.0,W,Grunfeld Defense,https://www.youtube.com/watch?v=6JsSbmpj7UQ&list=PLT1F2nOxLHOeyyw85utYJpWtSmxvA-2WR&index=113,0.0,,Sensei,Danya,,,,
114,1,2291.0,B,King's Indian / Samisch,https://www.youtube.com/watch?v=9JUlD51s6zE&list=PLT1F2nOxLHOeyyw85utYJpWtSmxvA-2WR&index=114,0.0,,Sensei,Danya,,,,
1,1,400.0,W,1. e4 e6,https://www.youtube.com/watch?v=J4WzTSR3hmo,0.0,,Top Gun,Danya,1.e4 e6,2. d4 Nc6,,
2,1,598.0,B,Sicilian / 2. Qh5,https://www.youtube.com/watch?v=1Rejj6niwvo,0.0,,Top Gun,Danya,,,,
3,1,911.0,W,3 Knights 3. ... Nd4,https://www.youtube.com/watch?v=h-9MlTRN-fk,0.0,,Top Gun,Danya,,,,
4,1,963.0,B,Sicilian,https://www.youtube.com/watch?v=IZN7fZFpzoc,0.0,,Top Gun,Danya,1. e4 c5,2. c4 Nc6,,
5,1,1025.0,B,Sicilian,https://www.youtube.com/watch?v=Fz0_pECE5vo,0.0,,Top Gun,Danya,1. e4 c5,2. d4 exd4,3. Qxd4,
6,1,1088.0,B,Trompowsky Attack,https://www.youtube.com/watch?v=ILYWTV0uCio,0.0,,Top Gun,Danya,,,,
7,1,1139.0,W,Alapin Sicilian,https://www.youtube.com/watch?v=GwJ8yk2hsT8,0.0,,Top Gun,Danya,,,,
8,1,1184.0,B,Rossolimo Sicilian,https://www.youtube.com/watch?v=PACqm__Sne8,0.0,,Top Gun,Danya,,,,
9,1,1232.0,W,French Advance / Nimzo,https://www.youtube.com/watch?v=6si_sctYAS0,0.0,,Top Gun,Danya,,,,
10,1,1256.0,W,Alapin Sicilian,https://www.youtube.com/watch?v=KNwKz9Ssi8c,0.0,,Top Gun,Danya,,,,
11,1,1282.0,W,Owen's Defense,https://www.youtube.com/watch?v=C4xtj2rc0_k,0.0,,Top Gun,Danya,1. e4 b6,2. d4 Bb7,,
12,1,1318.0,B,Sicilian Bowdler,https://www.youtube.com/watch?v=Qe6L7y3bdjM,0.0,,Top Gun,Danya,,,,
13,1,1333.0,W,Scandinavian,https://www.youtube.com/watch?v=3Qw4AL8RDOw,0.0,,Top Gun,Danya,,,,
14,1,1355.0,B,English,https://www.youtube.com/watch?v=z92soIY1rSg,0.0,,Top Gun,Danya,,,,
15,1,1382.0,B,Sicilian,https://www.youtube.com/watch?v=UDDLO-WuOmE,0.0,,Top Gun,Danya,1. e4 c5,2. Nc3 Nc6,3. Bb5 Nd4,
16,1,1403.0,B,Sicilian / 3. Qh5,https://www.youtube.com/watch?v=GqdveDSL2SA,0.0,,Top Gun,Danya,1. e4 c5,,,
17,1,1431.0,W,Caro Kann Fantasy,https://www.youtube.com/watch?v=zprg2WbmgzQ,0.0,,Top Gun,Danya,,,,
18,1,1429.0,W,Caro Kann Fantasy,https://www.youtube.com/watch?v=k4T6TJGOSA0,0.0,,Top Gun,Danya,,,,
19,1,1478.0,B,Sicilian Bowdler,https://www.youtube.com/watch?v=o12epkA2jeE,0.0,,Top Gun,Danya,,,,
20,1,1494.0,W,Pirc Defense,https://www.youtube.com/watch?v=TIpUDMzQVmU,0.0,,Top Gun,Danya,,,,
21,1,1520.0,W,Caro Kann Fantasy,https://www.youtube.com/watch?v=ugFdVSBkKoA,0.0,,Top Gun,Danya,,,,
22,1,1539.0,B,Sicilian Tal Gambit,https://www.youtube.com/watch?v=9m3W5m6SkOY,0.0,,Top Gun,Danya,,,,
23,1,1571.0,B,Hippo,https://www.youtube.com/watch?v=gG_NzjqbyYo,0.0,,Top Gun,Danya,,,,
24,1,1589.0,B,Grunfeld,https://www.youtube.com/watch?v=55gXMP9N5sM,0.0,,Top Gun,Danya,,,,
25,1,1603.0,B,Sicilian Grand Prix Attack,https://www.youtube.com/watch?v=fABTn305-Eg,0.0,,Top Gun,Danya,,,,
26,1,1617.0,W,Philidor,https://www.youtube.com/watch?v=6nEI2p3ftgk,0.0,,Top Gun,Danya,,,,
27,1,1632.0,B,Sicilian Rossolimo,https://www.youtube.com/watch?v=5MAKlJpkpsg,0.0,,Top Gun,Danya,,,,
1,1,2000.0,W,Nimzo-Indian Defense,http://youtube.com/watch?v=FPCrchLiZGU&amp;list=PLl9uuRYQ-6MBkB11PYyIiX5c_TPkaoF_T&amp;index=1&amp;t=1249s,0.0,,Standard Chess,John Bartholomew,,,,
2,1,2000.0,W,Sicilian Defense,http://youtube.com/watch?v=vICm99MPGbI&amp;list=PLl9uuRYQ-6MBkB11PYyIiX5c_TPkaoF_T&amp;index=2,0.0,,Standard Chess,John Bartholomew,,,,
3,1,2000.0,B,Semi-Slav,http://youtube.com/watch?v=7dSlf0BTzV0&amp;list=PLl9uuRYQ-6MBkB11PYyIiX5c_TPkaoF_T&amp;index=3,0.0,,Standard Chess,John Bartholomew,,,,
4,1,2000.0,W,Nimzo-Indian Defense,http://youtube.com/watch?v=fEj2QdTWxL0&amp;list=PLl9uuRYQ-6MBkB11PYyIiX5c_TPkaoF_T&amp;index=4,0.0,,Standard Chess,John Bartholomew,,,,
5,1,2000.0,W,English Opening,http://youtube.com/watch?v=VX3jnlzh-jw&amp;list=PLl9uuRYQ-6MBkB11PYyIiX5c_TPkaoF_T&amp;index=5&amp;t=1362s,0.0,,Standard Chess,John Bartholomew,,,,
6,1,2000.0,B,Reti Opening,http://youtube.com/watch?v=7EUA8xRZO3M&amp;list=PLl9uuRYQ-6MBkB11PYyIiX5c_TPkaoF_T&amp;index=6,0.0,,Standard Chess,John Bartholomew,,,,
7,1,2000.0,W,King's Indian Defense,http://youtube.com/watch?v=smoqtBY0GRw&amp;list=PLl9uuRYQ-6MBkB11PYyIiX5c_TPkaoF_T&amp;index=7&amp;t=1538s,0.0,,Standard Chess,John Bartholomew,,,,
8,1,2000.0,B,Queen's Gambit Declined,http://youtube.com/watch?v=Semj_0p3f3o&amp;list=PLl9uuRYQ-6MBkB11PYyIiX5c_TPkaoF_T&amp;index=8&amp;t=1321s,0.0,,Standard Chess,John Bartholomew,,,,
9,1,2000.0,B,Slav Defense,http://youtube.com/watch?v=bJoNBG9nveE&amp;list=PLl9uuRYQ-6MBkB11PYyIiX5c_TPkaoF_T&amp;index=9,0.0,,Standard Chess,John Bartholomew,,,,
10,1,2000.0,W,Queen's Gambit Accepted,http://youtube.com/watch?v=PeJOslVA_uU&amp;list=PLl9uuRYQ-6MBkB11PYyIiX5c_TPkaoF_T&amp;index=10&amp;t=1757s,0.0,,Standard Chess,John Bartholomew,,,,
11,1,2000.0,B,Modern Defense,http://youtube.com/watch?v=guSazipcJVs&amp;list=PLl9uuRYQ-6MBkB11PYyIiX5c_TPkaoF_T&amp;index=11&amp;t=3s,0.0,,Standard Chess,John Bartholomew,,,,
12,1,2000.0,W,Triangle System,http://youtube.com/watch?v=k5ulliC3YoM&amp;list=PLl9uuRYQ-6MBkB11PYyIiX5c_TPkaoF_T&amp;index=12&amp;t=1699s,0.0,,Standard Chess,John Bartholomew,,,,
13,1,2000.0,B,French Defense,http://youtube.com/watch?v=xhpO1CKQ6Kc&amp;list=PLl9uuRYQ-6MBkB11PYyIiX5c_TPkaoF_T&amp;index=13,0.0,,Standard Chess,John Bartholomew,,,,
14,1,2000.0,B,Scandinavian Defense,http://youtube.com/watch?v=lujtqf0NU48&amp;list=PLl9uuRYQ-6MBkB11PYyIiX5c_TPkaoF_T&amp;index=14&amp;t=40s,0.0,,Standard Chess,John Bartholomew,,,,
15,1,2000.0,W,Slav Defense,http://youtube.com/watch?v=dBUU6j27wI8&amp;list=PLl9uuRYQ-6MBkB11PYyIiX5c_TPkaoF_T&amp;index=15,0.0,,Standard Chess,John Bartholomew,,,,
16,1,2000.0,B,Caro-Kann Defense,http://youtube.com/watch?v=C07WUmI-3B4&amp;list=PLl9uuRYQ-6MBkB11PYyIiX5c_TPkaoF_T&amp;index=16&amp;t=1172s,0.0,,Standard Chess,John Bartholomew,,,,
17,1,2000.0,W,Sicilian Defense,http://youtube.com/watch?v=aETShx-UKm4&amp;list=PLl9uuRYQ-6MBkB11PYyIiX5c_TPkaoF_T&amp;index=17,0.0,,Standard Chess,John Bartholomew,,,,
18,1,2000.0,B,Sicilian Defense,http://youtube.com/watch?v=TlDSCBhlxRI&amp;list=PLl9uuRYQ-6MBkB11PYyIiX5c_TPkaoF_T&amp;index=18,0.0,,Standard Chess,John Bartholomew,,,,
19,1,2000.0,W,Queen's Gambit Declined,http://youtube.com/watch?v=FVaXudIN11g&amp;list=PLl9uuRYQ-6MBkB11PYyIiX5c_TPkaoF_T&amp;index=19&amp;t=1657s,0.0,,Standard Chess,John Bartholomew,,,,
20,1,2000.0,B,Ruy Lopez,http://youtube.com/watch?v=Phe_PfmvGXc&amp;list=PLl9uuRYQ-6MBkB11PYyIiX5c_TPkaoF_T&amp;index=20,0.0,,Standard Chess,John Bartholomew,,,,
21,1,2000.0,W,Benko Gambit,http://youtube.com/watch?v=LSGw8bnBl5w&amp;list=PLl9uuRYQ-6MBkB11PYyIiX5c_TPkaoF_T&amp;index=21&amp;t=1641s,0.0,,Standard Chess,John Bartholomew,,,,
22,1,2000.0,B,Reti Opening,http://youtube.com/watch?v=qmsYwNVIwds&amp;list=PLl9uuRYQ-6MBkB11PYyIiX5c_TPkaoF_T&amp;index=22,0.0,,Standard Chess,John Bartholomew,,,,
23,1,2000.0,W,Giuoco Pianissimo,http://youtube.com/watch?v=zuxZ8v4_Y_s&amp;list=PLl9uuRYQ-6MBkB11PYyIiX5c_TPkaoF_T&amp;index=23,0.0,,Standard Chess,John Bartholomew,,,,
24,1,2000.0,B,London System,http://youtube.com/watch?v=XTQ-kTbE_iY&amp;list=PLl9uuRYQ-6MBkB11PYyIiX5c_TPkaoF_T&amp;index=24,0.0,,Standard Chess,John Bartholomew,,,,
25,1,2000.0,B,Reti Opening,http://youtube.com/watch?v=aLRznlZRcjk&amp;list=PLl9uuRYQ-6MBkB11PYyIiX5c_TPkaoF_T&amp;index=25,0.0,,Standard Chess,John Bartholomew,,,,
26,1,2000.0,W,Nimzo-Indian Defense,http://youtube.com/watch?v=CdmjwggcBzc&amp;list=PLl9uuRYQ-6MBkB11PYyIiX5c_TPkaoF_T&amp;index=26,0.0,,Standard Chess,John Bartholomew,,,,
27,1,2000.0,B,Slav Defense,http://youtube.com/watch?v=0IoOn9B_Rh8&amp;list=PLl9uuRYQ-6MBkB11PYyIiX5c_TPkaoF_T&amp;index=27,0.0,,Standard Chess,John Bartholomew,,,,
28,1,2000.0,W,Ruy Lopez,http://youtube.com/watch?v=pp2Sb8PgyEI&amp;list=PLl9uuRYQ-6MBkB11PYyIiX5c_TPkaoF_T&amp;index=28,0.0,,Standard Chess,John Bartholomew,,,,
29,1,2000.0,B,Nimzo-Larsen Attack,http://youtube.com/watch?v=hTKMfYkhr9M&amp;list=PLl9uuRYQ-6MBkB11PYyIiX5c_TPkaoF_T&amp;index=29,0.0,,Standard Chess,John Bartholomew,,,,
30,1,2000.0,W,Dutch Defense,http://youtube.com/watch?v=vZf7h_UZPyw&amp;list=PLl9uuRYQ-6MBkB11PYyIiX5c_TPkaoF_T&amp;index=30,0.0,,Standard Chess,John Bartholomew,,,,
31,1,2000.0,B,Symmetrical English,http://youtube.com/watch?v=NPjj2h8DCRc&amp;list=PLl9uuRYQ-6MBkB11PYyIiX5c_TPkaoF_T&amp;index=31,0.0,,Standard Chess,John Bartholomew,,,,
32,1,2000.0,W,Queen's Gambit Declined,http://youtube.com/watch?v=RjRxw7pWtEE&amp;list=PLl9uuRYQ-6MBkB11PYyIiX5c_TPkaoF_T&amp;index=32,0.0,,Standard Chess,John Bartholomew,,,,
33,1,2000.0,B,Grunfeld Defense,http://youtube.com/watch?v=B5cB4uAU6Lg&amp;list=PLl9uuRYQ-6MBkB11PYyIiX5c_TPkaoF_T&amp;index=33,0.0,,Standard Chess,John Bartholomew,,,,
34,1,2000.0,B,English Opening,http://youtube.com/watch?v=0EeJAKt3ZPA&amp;list=PLl9uuRYQ-6MBkB11PYyIiX5c_TPkaoF_T&amp;index=34,0.0,,Standard Chess,John Bartholomew,,,,
35,1,2000.0,W,Queen's Gambit Declined,http://youtube.com/watch?v=cYVmBydotuk&amp;list=PLl9uuRYQ-6MBkB11PYyIiX5c_TPkaoF_T&amp;index=35,0.0,,Standard Chess,John Bartholomew,,,,
36,1,2000.0,W,Grunfeld Defense,http://youtube.com/watch?v=sbM6ARCqFeU&amp;list=PLl9uuRYQ-6MBkB11PYyIiX5c_TPkaoF_T&amp;index=36,0.0,,Standard Chess,John Bartholomew,,,,
37,1,2000.0,B,Sicilian Defense,http://youtube.com/watch?v=bN3hi9IrWrY&amp;list=PLl9uuRYQ-6MBkB11PYyIiX5c_TPkaoF_T&amp;index=37,0.0,,Standard Chess,John Bartholomew,,,,
38,1,2000.0,W,Queen's Gambit Declined,http://youtube.com/watch?v=xquPI6tiGdk&amp;list=PLl9uuRYQ-6MBkB11PYyIiX5c_TPkaoF_T&amp;index=38,0.0,,Standard Chess,John Bartholomew,,,,
39,1,2000.0,W,French Defense,http://youtube.com/watch?v=26Qr49kZJYY&amp;list=PLl9uuRYQ-6MBkB11PYyIiX5c_TPkaoF_T&amp;index=39,0.0,,Standard Chess,John Bartholomew,,,,
40,1,2000.0,B,Queen's Pawn Game,http://youtube.com/watch?v=OFzAYM1-tEw&amp;list=PLl9uuRYQ-6MBkB11PYyIiX5c_TPkaoF_T&amp;index=40,0.0,,Standard Chess,John Bartholomew,,,,
41,1,2000.0,B,Semi-Slav Defense,http://youtube.com/watch?v=huQB8mtZnRc&amp;list=PLl9uuRYQ-6MBkB11PYyIiX5c_TPkaoF_T&amp;index=41,0.0,,Standard Chess,John Bartholomew,,,,
42,1,2000.0,W,King's Indian Defense,http://youtube.com/watch?v=deVIJqi61vo&amp;list=PLl9uuRYQ-6MBkB11PYyIiX5c_TPkaoF_T&amp;index=42,0.0,,Standard Chess,John Bartholomew,,,,
43,1,2000.0,B,Sicilian Defense,http://youtube.com/watch?v=3HOEu_L7E34&amp;list=PLl9uuRYQ-6MBkB11PYyIiX5c_TPkaoF_T&amp;index=43,0.0,,Standard Chess,John Bartholomew,,,,
44,1,2000.0,W,English Opening,http://youtube.com/watch?v=m_I15W7P5yw&amp;list=PLl9uuRYQ-6MBkB11PYyIiX5c_TPkaoF_T&amp;index=44,0.0,,Standard Chess,John Bartholomew,,,,
45,1,2000.0,B,King's Indian Attack,http://youtube.com/watch?v=Ji22S62hZDQ&amp;list=PLl9uuRYQ-6MBkB11PYyIiX5c_TPkaoF_T&amp;index=45,0.0,,Standard Chess,John Bartholomew,,,,
46,1,2000.0,W,King's Indian Defense,http://youtube.com/watch?v=9N4LZeCS318&amp;list=PLl9uuRYQ-6MBkB11PYyIiX5c_TPkaoF_T&amp;index=46,0.0,,Standard Chess,John Bartholomew,,,,
47,1,2000.0,B,Ruy Lopez,http://youtube.com/watch?v=ISkmd1i_FLE&amp;list=PLl9uuRYQ-6MBkB11PYyIiX5c_TPkaoF_T&amp;index=47,0.0,,Standard Chess,John Bartholomew,,,,
48,1,2000.0,W,Benko Gambit,http://youtube.com/watch?v=cvVAjjJbkvw&amp;list=PLl9uuRYQ-6MBkB11PYyIiX5c_TPkaoF_T&amp;index=48,0.0,,Standard Chess,John Bartholomew,,,,
49,1,2000.0,B,Double Fianchetto,http://youtube.com/watch?v=phPHUhN0-Dc&amp;list=PLl9uuRYQ-6MBkB11PYyIiX5c_TPkaoF_T&amp;index=49,0.0,,Standard Chess,John Bartholomew,,,,
50,1,2000.0,W,Nimzo-Indian Defense,http://youtube.com/watch?v=b0fmPyQj4Fk&amp;list=PLl9uuRYQ-6MBkB11PYyIiX5c_TPkaoF_T&amp;index=50,0.0,,Standard Chess,John Bartholomew,,,,
51,1,2000.0,B,Caro-Kann Defense,http://youtube.com/watch?v=pgXw9xlhaN4&amp;list=PLl9uuRYQ-6MBkB11PYyIiX5c_TPkaoF_T&amp;index=51,0.0,,Standard Chess,John Bartholomew,,,,
52,1,2000.0,W,Catalan Opening,http://youtube.com/watch?v=CqWoVYOSPNs&amp;list=PLl9uuRYQ-6MBkB11PYyIiX5c_TPkaoF_T&amp;index=52,0.0,,Standard Chess,John Bartholomew,,,,
53,1,2000.0,B,Alekhine's Defense,http://youtube.com/watch?v=8lsGjmtWpm8&amp;list=PLl9uuRYQ-6MBkB11PYyIiX5c_TPkaoF_T&amp;index=53,0.0,,Standard Chess,John Bartholomew,,,,
54,1,2000.0,W,Semi-Slav Defense,http://youtube.com/watch?v=_FF0qq6oYWQ&amp;list=PLl9uuRYQ-6MBkB11PYyIiX5c_TPkaoF_T&amp;index=54,0.0,,Standard Chess,John Bartholomew,,,,
55,1,2000.0,B,Modern Defense,http://youtube.com/watch?v=wW71nNxaCHg&amp;list=PLl9uuRYQ-6MBkB11PYyIiX5c_TPkaoF_T&amp;index=55,0.0,,Standard Chess,John Bartholomew,,,,
56,1,2000.0,W,Budapest Gambit,http://youtube.com/watch?v=RcUI6NvGW4s&amp;list=PLl9uuRYQ-6MBkB11PYyIiX5c_TPkaoF_T&amp;index=56,0.0,,Standard Chess,John Bartholomew,,,,
57,1,2000.0,B,Tarrasch Defense,http://youtube.com/watch?v=1D7L5yaRfpA&amp;list=PLl9uuRYQ-6MBkB11PYyIiX5c_TPkaoF_T&amp;index=57,0.0,,Standard Chess,John Bartholomew,,,,
58,1,2000.0,W,Sicilian Defense,http://youtube.com/watch?v=l8_yTl4cnl8&amp;list=PLl9uuRYQ-6MBkB11PYyIiX5c_TPkaoF_T&amp;index=58,0.0,,Standard Chess,John Bartholomew,,,,
59,1,2000.0,B,Sicilian Defense,http://youtube.com/watch?v=_FFQVnNFUW0&amp;list=PLl9uuRYQ-6MBkB11PYyIiX5c_TPkaoF_T&amp;index=59,0.0,,Standard Chess,John Bartholomew,,,,
60,1,2000.0,W,Sicilian Defense,http://youtube.com/watch?v=tneip5TUCX4&amp;list=PLl9uuRYQ-6MBkB11PYyIiX5c_TPkaoF_T&amp;index=60,0.0,,Standard Chess,John Bartholomew,,,,
61,1,2000.0,W,Grunfeld Defense,http://youtube.com/watch?v=ngpQwkn7EnA&amp;list=PLl9uuRYQ-6MBkB11PYyIiX5c_TPkaoF_T&amp;index=61,0.0,,Standard Chess,John Bartholomew,,,,
62,1,2000.0,B,Queen's Indian Defense,http://youtube.com/watch?v=yxYSSgFzijU&amp;list=PLl9uuRYQ-6MBkB11PYyIiX5c_TPkaoF_T&amp;index=62,0.0,,Standard Chess,John Bartholomew,,,,
63,1,2000.0,B,English Defense,http://youtube.com/watch?v=ZzYvjMbRBdc&amp;list=PLl9uuRYQ-6MBkB11PYyIiX5c_TPkaoF_T&amp;index=63,0.0,,Standard Chess,John Bartholomew,,,,
64,1,2000.0,B,Dutch Defense,http://youtube.com/watch?v=bjyk0PohM7c&amp;list=PLl9uuRYQ-6MBkB11PYyIiX5c_TPkaoF_T&amp;index=64,0.0,,Standard Chess,John Bartholomew,,,,
65,1,2000.0,W,Slav Defense,http://youtube.com/watch?v=N4jsgUIpqzc&amp;list=PLl9uuRYQ-6MBkB11PYyIiX5c_TPkaoF_T&amp;index=65,0.0,,Standard Chess,John Bartholomew,,,,
66,1,2000.0,B,Ruy Lopez,http://youtube.com/watch?v=S2OU8m7uUGQ&amp;list=PLl9uuRYQ-6MBkB11PYyIiX5c_TPkaoF_T&amp;index=66,0.0,,Standard Chess,John Bartholomew,,,,
67,1,2000.0,W,Pseudo-Grunfeld Defense,http://youtube.com/watch?v=ZzntOvTI240&amp;list=PLl9uuRYQ-6MBkB11PYyIiX5c_TPkaoF_T&amp;index=67,0.0,,Standard Chess,John Bartholomew,,,,
68,1,2000.0,B,Sicilian Defense,http://youtube.com/watch?v=G7z6_dzhqnY&amp;list=PLl9uuRYQ-6MBkB11PYyIiX5c_TPkaoF_T&amp;index=68,0.0,,Standard Chess,John Bartholomew,,,,
69,1,2000.0,W,Sicilian Defense,http://youtube.com/watch?v=Vjq1mKjBPI4&amp;list=PLl9uuRYQ-6MBkB11PYyIiX5c_TPkaoF_T&amp;index=69,0.0,,Standard Chess,John Bartholomew,,,,
70,1,2000.0,W,Symmetrical English,http://youtube.com/watch?v=M24SWI7Moo0&amp;list=PLl9uuRYQ-6MBkB11PYyIiX5c_TPkaoF_T&amp;index=70,0.0,,Standard Chess,John Bartholomew,,,,
71,1,2000.0,W,Benoni Defense,http://youtube.com/watch?v=HVLHnua3mSo&amp;list=PLl9uuRYQ-6MBkB11PYyIiX5c_TPkaoF_T&amp;index=71,0.0,,Standard Chess,John Bartholomew,,,,
72,1,2000.0,B,Queen's Gambit Declined,http://youtube.com/watch?v=prVGzw2b6eU&amp;list=PLl9uuRYQ-6MBkB11PYyIiX5c_TPkaoF_T&amp;index=72,0.0,,Standard Chess,John Bartholomew,,,,
73,1,2000.0,W,Pirc Defense,http://youtube.com/watch?v=M1KwkSYWibo&amp;list=PLl9uuRYQ-6MBkB11PYyIiX5c_TPkaoF_T&amp;index=73,0.0,,Standard Chess,John Bartholomew,,,,
74,1,2000.0,B,Semi-Slav Defense,http://youtube.com/watch?v=tGl6M_Su0AY&amp;list=PLl9uuRYQ-6MBkB11PYyIiX5c_TPkaoF_T&amp;index=74,0.0,,Standard Chess,John Bartholomew,,,,
75,1,2000.0,W,Sicilian Defense,http://youtube.com/watch?v=9IFTGDgen64&amp;list=PLl9uuRYQ-6MBkB11PYyIiX5c_TPkaoF_T&amp;index=75,0.0,,Standard Chess,John Bartholomew,,,,
76,1,2000.0,B,French Defense,http://youtube.com/watch?v=oTdmt4wPjCY&amp;list=PLl9uuRYQ-6MBkB11PYyIiX5c_TPkaoF_T&amp;index=76,0.0,,Standard Chess,John Bartholomew,,,,
77,1,2000.0,W,Symmetrical English,http://youtube.com/watch?v=sDbpQ4L_RlE&amp;list=PLl9uuRYQ-6MBkB11PYyIiX5c_TPkaoF_T&amp;index=77,0.0,,Standard Chess,John Bartholomew,,,,
78,1,2000.0,B,Scandinavian Defense,http://youtube.com/watch?v=rZxW8Myw-vM&amp;list=PLl9uuRYQ-6MBkB11PYyIiX5c_TPkaoF_T&amp;index=78,0.0,,Standard Chess,John Bartholomew,,,,
79,1,2000.0,B,Sicilian Defense,http://youtube.com/watch?v=UhXTsM-Nxbc&amp;list=PLl9uuRYQ-6MBkB11PYyIiX5c_TPkaoF_T&amp;index=79,0.0,,Standard Chess,John Bartholomew,,,,
80,1,2000.0,W,Queen's Gambit Declined,http://youtube.com/watch?v=wTnBlnb9XHw&amp;list=PLl9uuRYQ-6MBkB11PYyIiX5c_TPkaoF_T&amp;index=80,0.0,,Standard Chess,John Bartholomew,,,,
81,1,2000.0,B,Benko Gambit,http://youtube.com/watch?v=nROn5f6xtGQ&amp;list=PLl9uuRYQ-6MBkB11PYyIiX5c_TPkaoF_T&amp;index=81,0.0,,Standard Chess,John Bartholomew,,,,
82,1,2000.0,W,Tarrasch Defense,http://youtube.com/watch?v=lxlpHccr8VE&amp;list=PLl9uuRYQ-6MBkB11PYyIiX5c_TPkaoF_T&amp;index=82,0.0,,Standard Chess,John Bartholomew,,,,
83,1,2000.0,B,Sicilian Defense,http://youtube.com/watch?v=lHe-oITDxJM&amp;list=PLl9uuRYQ-6MBkB11PYyIiX5c_TPkaoF_T&amp;index=83,0.0,,Standard Chess,John Bartholomew,,,,
84,1,2000.0,B,Vienna Game,http://youtube.com/watch?v=a397FiWZHVY&amp;list=PLl9uuRYQ-6MBkB11PYyIiX5c_TPkaoF_T&amp;index=84,0.0,,Standard Chess,John Bartholomew,,,,
85,1,2000.0,W,Chigorin Defense,http://youtube.com/watch?v=dailmNKDhos&amp;list=PLl9uuRYQ-6MBkB11PYyIiX5c_TPkaoF_T&amp;index=85,0.0,,Standard Chess,John Bartholomew,,,,
86,1,2000.0,B,Queen's Pawn Game,http://youtube.com/watch?v=1vNfp0zvWnY&amp;list=PLl9uuRYQ-6MBkB11PYyIiX5c_TPkaoF_T&amp;index=86,0.0,,Standard Chess,John Bartholomew,,,,
87,1,2000.0,W,Ruy Lopez,http://youtube.com/watch?v=BA2l6zCsHMY&amp;list=PLl9uuRYQ-6MBkB11PYyIiX5c_TPkaoF_T&amp;index=87,0.0,,Standard Chess,John Bartholomew,,,,
88,1,2000.0,B,Scandinavian Defense,http://youtube.com/watch?v=37Moe8vToAA&amp;list=PLl9uuRYQ-6MBkB11PYyIiX5c_TPkaoF_T&amp;index=88,0.0,,Standard Chess,John Bartholomew,,,,
89,1,2000.0,W,King's Indian Defense,http://youtube.com/watch?v=kjCq-syL4lg&amp;list=PLl9uuRYQ-6MBkB11PYyIiX5c_TPkaoF_T&amp;index=89,0.0,,Standard Chess,John Bartholomew,,,,
90,1,2000.0,B,English Opening,http://youtube.com/watch?v=5oucKNTRdpE&amp;list=PLl9uuRYQ-6MBkB11PYyIiX5c_TPkaoF_T&amp;index=90,0.0,,Standard Chess,John Bartholomew,,,,
91,1,2000.0,B,Slav Defense,http://youtube.com/watch?v=w2M4uHdRQ4U&amp;list=PLl9uuRYQ-6MBkB11PYyIiX5c_TPkaoF_T&amp;index=91,0.0,,Standard Chess,John Bartholomew,,,,
92,1,2000.0,W,Scandinavian Defense,http://youtube.com/watch?v=0eibYRrt8JM&amp;list=PLl9uuRYQ-6MBkB11PYyIiX5c_TPkaoF_T&amp;index=92,0.0,,Standard Chess,John Bartholomew,,,,
93,1,2000.0,W,Semi-Slav Defense,http://youtube.com/watch?v=FweANG5EqaY&amp;list=PLl9uuRYQ-6MBkB11PYyIiX5c_TPkaoF_T&amp;index=93,0.0,,Standard Chess,John Bartholomew,,,,
94,1,2000.0,B,Modern Defense,http://youtube.com/watch?v=sjpIu578noM&amp;list=PLl9uuRYQ-6MBkB11PYyIiX5c_TPkaoF_T&amp;index=94,0.0,,Standard Chess,John Bartholomew,,,,
95,1,2000.0,W,English Opening,http://youtube.com/watch?v=U15IzhF43fA&amp;list=PLl9uuRYQ-6MBkB11PYyIiX5c_TPkaoF_T&amp;index=95,0.0,,Standard Chess,John Bartholomew,,,,
96,1,2000.0,W,Albin Countergambit,http://youtube.com/watch?v=vPh8SzgL2cg&amp;list=PLl9uuRYQ-6MBkB11PYyIiX5c_TPkaoF_T&amp;index=96,0.0,,Standard Chess,John Bartholomew,,,,
97,1,2000.0,B,Grunfeld Defense,http://youtube.com/watch?v=JldRX5pHxqE&amp;list=PLl9uuRYQ-6MBkB11PYyIiX5c_TPkaoF_T&amp;index=97,0.0,,Standard Chess,John Bartholomew,,,,
98,1,2000.0,B,Nimzo-Indian Defense,http://youtube.com/watch?v=IYkTLhvBmFk&amp;list=PLl9uuRYQ-6MBkB11PYyIiX5c_TPkaoF_T&amp;index=98,0.0,,Standard Chess,John Bartholomew,,,,
99,1,2000.0,W,Grunfeld Defense,http://youtube.com/watch?v=u4naXwo3Sn8&amp;list=PLl9uuRYQ-6MBkB11PYyIiX5c_TPkaoF_T&amp;index=99,0.0,,Standard Chess,John Bartholomew,,,,
100,1,2000.0,W,Semi-Slav Defense,http://youtube.com/watch?v=QdYzQGejBHw&amp;list=PLl9uuRYQ-6MBkB11PYyIiX5c_TPkaoF_T&amp;index=100,0.0,,Standard Chess,John Bartholomew,,,,
101,1,2000.0,B,Sicilian Defense,http://youtube.com/watch?v=JcyMdsOFkqI&amp;list=PLl9uuRYQ-6MBkB11PYyIiX5c_TPkaoF_T&amp;index=101,0.0,,Standard Chess,John Bartholomew,,,,
102,1,2000.0,W,Triangle System,http://youtube.com/watch?v=pbOxNBVGdh4&amp;list=PLl9uuRYQ-6MBkB11PYyIiX5c_TPkaoF_T&amp;index=102,0.0,,Standard Chess,John Bartholomew,,,,
103,1,2000.0,B,Closed Sicilian,http://youtube.com/watch?v=y9UMGlvn6W8&amp;list=PLl9uuRYQ-6MBkB11PYyIiX5c_TPkaoF_T&amp;index=103,0.0,,Standard Chess,John Bartholomew,,,,
104,1,2000.0,B,Caro-Kann Defense,http://youtube.com/watch?v=TBGGPxTOiy8&amp;list=PLl9uuRYQ-6MBkB11PYyIiX5c_TPkaoF_T&amp;index=104,0.0,,Standard Chess,John Bartholomew,,,,
105,1,2000.0,W,Smith-Morra Gambit,http://youtube.com/watch?v=JnWEVtnTCd4&amp;list=PLl9uuRYQ-6MBkB11PYyIiX5c_TPkaoF_T&amp;index=105,0.0,,Standard Chess,John Bartholomew,,,,
106,1,2000.0,B,Sicilian Defense,http://youtube.com/watch?v=6_-SmcHHfJM&amp;list=PLl9uuRYQ-6MBkB11PYyIiX5c_TPkaoF_T&amp;index=106,0.0,,Standard Chess,John Bartholomew,,,,
107,1,2000.0,W,Queen's Gambit Accepted,http://youtube.com/watch?v=LzY6COI3WLY&amp;list=PLl9uuRYQ-6MBkB11PYyIiX5c_TPkaoF_T&amp;index=107,0.0,,Standard Chess,John Bartholomew,,,,
108,1,2000.0,W,Sicilian Defense,http://youtube.com/watch?v=dQsyR-s3yJo&amp;list=PLl9uuRYQ-6MBkB11PYyIiX5c_TPkaoF_T&amp;index=108,0.0,,Standard Chess,John Bartholomew,,,,
109,1,2000.0,B,Ruy Lopez,http://youtube.com/watch?v=5GAEFV9IZS0&amp;list=PLl9uuRYQ-6MBkB11PYyIiX5c_TPkaoF_T&amp;index=109,0.0,,Standard Chess,John Bartholomew,,,,
110,1,2000.0,W,Queen's Gambit Declined,http://youtube.com/watch?v=ZDFIl5aX81E&amp;list=PLl9uuRYQ-6MBkB11PYyIiX5c_TPkaoF_T&amp;index=110,0.0,,Standard Chess,John Bartholomew,,,,
111,1,2000.0,B,Sicilian Defense,http://youtube.com/watch?v=tEROweYkSDg&amp;list=PLl9uuRYQ-6MBkB11PYyIiX5c_TPkaoF_T&amp;index=111,0.0,,Standard Chess,John Bartholomew,,,,
112,1,2000.0,W,Sicilian Defense,http://youtube.com/watch?v=lRJumbInxYg&amp;list=PLl9uuRYQ-6MBkB11PYyIiX5c_TPkaoF_T&amp;index=112,0.0,,Standard Chess,John Bartholomew,,,,
113,1,2000.0,B,Bird's Opening,http://youtube.com/watch?v=2eKp0h5PcTE&amp;list=PLl9uuRYQ-6MBkB11PYyIiX5c_TPkaoF_T&amp;index=113,0.0,,Standard Chess,John Bartholomew,,,,
114,1,2000.0,W,Caro-Kann,http://youtube.com/watch?v=VSEcKuAFvk0&amp;list=PLl9uuRYQ-6MBkB11PYyIiX5c_TPkaoF_T&amp;index=114,0.0,,Standard Chess,John Bartholomew,,,,
115,1,2000.0,B,Sicilian Defense,http://youtube.com/watch?v=rx4IbOZNsQ0&amp;list=PLl9uuRYQ-6MBkB11PYyIiX5c_TPkaoF_T&amp;index=115,0.0,,Standard Chess,John Bartholomew,,,,
116,1,2000.0,B,Tarrasch Defense,http://youtube.com/watch?v=S2-HPgFc6hY&amp;list=PLl9uuRYQ-6MBkB11PYyIiX5c_TPkaoF_T&amp;index=116,0.0,,Standard Chess,John Bartholomew,,,,
117,1,2000.0,W,Scandinavian Defense,http://youtube.com/watch?v=WWmMXAJLrLg&amp;list=PLl9uuRYQ-6MBkB11PYyIiX5c_TPkaoF_T&amp;index=117,0.0,,Standard Chess,John Bartholomew,,,,
118,1,2000.0,B,Sokolsky Opening,http://youtube.com/watch?v=RZpRqubWjYA&amp;list=PLl9uuRYQ-6MBkB11PYyIiX5c_TPkaoF_T&amp;index=118,0.0,,Standard Chess,John Bartholomew,,,,
119,1,2000.0,W,Nimzo-Indian Defense,http://youtube.com/watch?v=idf2nCHnEao&amp;list=PLl9uuRYQ-6MBkB11PYyIiX5c_TPkaoF_T&amp;index=119,0.0,,Standard Chess,John Bartholomew,,,,
120,1,2000.0,B,Scandinavian Defense,http://youtube.com/watch?v=5WKhmMQMAWQ&amp;list=PLl9uuRYQ-6MBkB11PYyIiX5c_TPkaoF_T&amp;index=120,0.0,,Standard Chess,John Bartholomew,,,,
121,1,2000.0,W,Dutch Defense,http://youtube.com/watch?v=BEEDxYvx1XU&amp;list=PLl9uuRYQ-6MBkB11PYyIiX5c_TPkaoF_T&amp;index=121,0.0,,Standard Chess,John Bartholomew,,,,
122,1,2000.0,B,Sokolsky Opening,http://youtube.com/watch?v=JijyRFmbdGM&amp;list=PLl9uuRYQ-6MBkB11PYyIiX5c_TPkaoF_T&amp;index=122,0.0,,Standard Chess,John Bartholomew,,,,
123,1,2000.0,B,Modern Defense,http://youtube.com/watch?v=6uMqQJOBpl8&amp;list=PLl9uuRYQ-6MBkB11PYyIiX5c_TPkaoF_T&amp;index=123,0.0,,Standard Chess,John Bartholomew,,,,
124,1,2000.0,W,King's Indian Defense,http://youtube.com/watch?v=3kMCH0S4dxs&amp;list=PLl9uuRYQ-6MBkB11PYyIiX5c_TPkaoF_T&amp;index=124,0.0,,Standard Chess,John Bartholomew,,,,
125,1,2000.0,B,Benko Gambit,http://youtube.com/watch?v=jFbDFJJmQ2o&amp;list=PLl9uuRYQ-6MBkB11PYyIiX5c_TPkaoF_T&amp;index=125,0.0,,Standard Chess,John Bartholomew,,,,
126,1,2000.0,B,French Defense,http://youtube.com/watch?v=3fm9Wpgglkk&amp;list=PLl9uuRYQ-6MBkB11PYyIiX5c_TPkaoF_T&amp;index=126,0.0,,Standard Chess,John Bartholomew,,,,
127,1,2000.0,W,Symmetrical English,http://youtube.com/watch?v=poiaWmcZMCA&amp;list=PLl9uuRYQ-6MBkB11PYyIiX5c_TPkaoF_T&amp;index=127,0.0,,Standard Chess,John Bartholomew,,,,
128,1,2000.0,B,Modern Defense,http://youtube.com/watch?v=qe5mRTui-J0&amp;list=PLl9uuRYQ-6MBkB11PYyIiX5c_TPkaoF_T&amp;index=128,0.0,,Standard Chess,John Bartholomew,,,,
129,1,2000.0,B,Queen's Gambit Accepted,http://youtube.com/watch?v=JZsGD_f3jIY&amp;list=PLl9uuRYQ-6MBkB11PYyIiX5c_TPkaoF_T&amp;index=129,0.0,,Standard Chess,John Bartholomew,,,,
130,1,2000.0,W,King's Indian Attack,http://youtube.com/watch?v=dlaYEGbh1Qc&amp;list=PLl9uuRYQ-6MBkB11PYyIiX5c_TPkaoF_T&amp;index=130,0.0,,Standard Chess,John Bartholomew,,,,
131,1,2000.0,B,Symmetrical English,http://youtube.com/watch?v=EIeRBDfgB9E&amp;list=PLl9uuRYQ-6MBkB11PYyIiX5c_TPkaoF_T&amp;index=131,0.0,,Standard Chess,John Bartholomew,,,,
132,1,2000.0,W,King's Gambit,http://youtube.com/watch?v=mpUHtJK6CVs&amp;list=PLl9uuRYQ-6MBkB11PYyIiX5c_TPkaoF_T&amp;index=132,0.0,,Standard Chess,John Bartholomew,,,,
133,1,2000.0,W,Pirc Defense,http://youtube.com/watch?v=JSnqWN0foT0&amp;list=PLl9uuRYQ-6MBkB11PYyIiX5c_TPkaoF_T&amp;index=133,0.0,,Standard Chess,John Bartholomew,,,,
134,1,2000.0,B,Sicilian Defense,http://youtube.com/watch?v=cXbX3sjU-vI&amp;list=PLl9uuRYQ-6MBkB11PYyIiX5c_TPkaoF_T&amp;index=134,0.0,,Standard Chess,John Bartholomew,,,,
135,1,2000.0,W,Sicilian Defense,http://youtube.com/watch?v=Tjgj7BIxCUE&amp;list=PLl9uuRYQ-6MBkB11PYyIiX5c_TPkaoF_T&amp;index=135,0.0,,Standard Chess,John Bartholomew,,,,
136,1,2000.0,B,Caro-Kann Defense,http://youtube.com/watch?v=93neKQr3FLg&amp;list=PLl9uuRYQ-6MBkB11PYyIiX5c_TPkaoF_T&amp;index=136,0.0,,Standard Chess,John Bartholomew,,,,
137,1,2000.0,W,Slav Defense,http://youtube.com/watch?v=8keZZozqgJg&amp;list=PLl9uuRYQ-6MBkB11PYyIiX5c_TPkaoF_T&amp;index=137,0.0,,Standard Chess,John Bartholomew,,,,
138,1,2000.0,B,English Opening,http://youtube.com/watch?v=zhrzhopsitc&amp;list=PLl9uuRYQ-6MBkB11PYyIiX5c_TPkaoF_T&amp;index=138,0.0,,Standard Chess,John Bartholomew,,,,
139,1,2000.0,B,Alekhine's Defense,http://youtube.com/watch?v=SGfvSkmOgF0&amp;list=PLl9uuRYQ-6MBkB11PYyIiX5c_TPkaoF_T&amp;index=139,0.0,,Standard Chess,John Bartholomew,,,,
140,1,2000.0,W,French Defense,http://youtube.com/watch?v=pyQcVYQ3-pE&amp;list=PLl9uuRYQ-6MBkB11PYyIiX5c_TPkaoF_T&amp;index=140,0.0,,Standard Chess,John Bartholomew,,,,
141,1,2000.0,W,Nimzo-Indian Defense,http://youtube.com/watch?v=IIJUeep1gEU&amp;list=PLl9uuRYQ-6MBkB11PYyIiX5c_TPkaoF_T&amp;index=141,0.0,,Standard Chess,John Bartholomew,,,,
142,1,2000.0,B,Old Indian Defense,http://youtube.com/watch?v=RXZQIhWxd-Y&amp;list=PLl9uuRYQ-6MBkB11PYyIiX5c_TPkaoF_T&amp;index=142,0.0,,Standard Chess,John Bartholomew,,,,
143,1,2000.0,W,English Opening,http://youtube.com/watch?v=61HKPn5VD2U&amp;list=PLl9uuRYQ-6MBkB11PYyIiX5c_TPkaoF_T&amp;index=143,0.0,,Standard Chess,John Bartholomew,,,,
144,1,2000.0,B,Caro-Kann Defense,http://youtube.com/watch?v=eyKiz7kQlJA&amp;list=PLl9uuRYQ-6MBkB11PYyIiX5c_TPkaoF_T&amp;index=144,0.0,,Standard Chess,John Bartholomew,,,,
145,1,2000.0,W,Ponziani Opening,http://youtube.com/watch?v=NPBuDxiEROQ&amp;list=PLl9uuRYQ-6MBkB11PYyIiX5c_TPkaoF_T&amp;index=145,0.0,,Standard Chess,John Bartholomew,,,,
146,1,2000.0,B,Bird's Opening,http://youtube.com/watch?v=voaRlduQ_dA&amp;list=PLl9uuRYQ-6MBkB11PYyIiX5c_TPkaoF_T&amp;index=146,0.0,,Standard Chess,John Bartholomew,,,,
147,1,2000.0,W,Philidor Defense,http://youtube.com/watch?v=Gu4iz78xlgM&amp;list=PLl9uuRYQ-6MBkB11PYyIiX5c_TPkaoF_T&amp;index=147,0.0,,Standard Chess,John Bartholomew,,,,
148,1,2000.0,W,Bogo-Indian Defense,http://youtube.com/watch?v=irBmRQ7o6gw&amp;list=PLl9uuRYQ-6MBkB11PYyIiX5c_TPkaoF_T&amp;index=148,0.0,,Standard Chess,John Bartholomew,,,,
149,1,2000.0,B,Ponziani Opening,http://youtube.com/watch?v=O13RyPNnEkM&amp;list=PLl9uuRYQ-6MBkB11PYyIiX5c_TPkaoF_T&amp;index=149,0.0,,Standard Chess,John Bartholomew,,,,
150,1,2000.0,B,Scandinavian Defense,http://youtube.com/watch?v=LFOwbmkUuxk&amp;list=PLl9uuRYQ-6MBkB11PYyIiX5c_TPkaoF_T&amp;index=150,0.0,,Standard Chess,John Bartholomew,,,,
151,1,2000.0,W,Tarrasch Defense,http://youtube.com/watch?v=exAJWClOU48&amp;list=PLl9uuRYQ-6MBkB11PYyIiX5c_TPkaoF_T&amp;index=151,0.0,,Standard Chess,John Bartholomew,,,,
152,1,2000.0,W,Sicilian Defense,http://youtube.com/watch?v=IM_Jr4hUCnY&amp;list=PLl9uuRYQ-6MBkB11PYyIiX5c_TPkaoF_T&amp;index=152,0.0,,Standard Chess,John Bartholomew,,,,
153,1,2000.0,B,Sicilian Defense,http://youtube.com/watch?v=bAjnGQ_qeRk&amp;list=PLl9uuRYQ-6MBkB11PYyIiX5c_TPkaoF_T&amp;index=153,0.0,,Standard Chess,John Bartholomew,,,,
154,1,2000.0,W,King's Indian Defense,http://youtube.com/watch?v=DH9GQvll2TY&amp;list=PLl9uuRYQ-6MBkB11PYyIiX5c_TPkaoF_T&amp;index=154,0.0,,Standard Chess,John Bartholomew,,,,
155,1,2000.0,W,Tarrasch Defense,http://youtube.com/watch?v=21m-fXUoAUQ&amp;list=PLl9uuRYQ-6MBkB11PYyIiX5c_TPkaoF_T&amp;index=155,0.0,,Standard Chess,John Bartholomew,,,,
156,1,2000.0,B,King's Indian Defense,http://youtube.com/watch?v=0aBCYT5Jmtw&amp;list=PLl9uuRYQ-6MBkB11PYyIiX5c_TPkaoF_T&amp;index=156,0.0,,Standard Chess,John Bartholomew,,,,
157,1,2000.0,W,Slav Defense,http://youtube.com/watch?v=sPWs3sNkDng&amp;list=PLl9uuRYQ-6MBkB11PYyIiX5c_TPkaoF_T&amp;index=157,0.0,,Standard Chess,John Bartholomew,,,,
158,1,2000.0,B,Sicilian Defense,http://youtube.com/watch?v=R511F1nWG_8&amp;list=PLl9uuRYQ-6MBkB11PYyIiX5c_TPkaoF_T&amp;index=158,0.0,,Standard Chess,John Bartholomew,,,,
159,1,2000.0,B,Semi-Slav Defense,http://youtube.com/watch?v=VagJDdta0pU&amp;list=PLl9uuRYQ-6MBkB11PYyIiX5c_TPkaoF_T&amp;index=159,0.0,,Standard Chess,John Bartholomew,,,,
160,1,2000.0,W,Queen's Gambit Accepted,http://youtube.com/watch?v=gXTsa2W4utU&amp;list=PLl9uuRYQ-6MBkB11PYyIiX5c_TPkaoF_T&amp;index=160,0.0,,Standard Chess,John Bartholomew,,,,
161,1,2000.0,B,Caro-Kann Defense,http://youtube.com/watch?v=UCG1BC3o4GE&amp;list=PLl9uuRYQ-6MBkB11PYyIiX5c_TPkaoF_T&amp;index=161,0.0,,Standard Chess,John Bartholomew,,,,
162,1,2000.0,W,Pseudo-Grunfeld,http://youtube.com/watch?v=qZXbkpN40mA&amp;list=PLl9uuRYQ-6MBkB11PYyIiX5c_TPkaoF_T&amp;index=162,0.0,,Standard Chess,John Bartholomew,,,,
163,1,2000.0,B,Sicilian Defense,http://youtube.com/watch?v=c3tgP5Dg5hQ&amp;list=PLl9uuRYQ-6MBkB11PYyIiX5c_TPkaoF_T&amp;index=163,0.0,,Standard Chess,John Bartholomew,,,,
164,1,2000.0,W,Benko Gambit,http://youtube.com/watch?v=fm9LwDi3Pns&amp;list=PLl9uuRYQ-6MBkB11PYyIiX5c_TPkaoF_T&amp;index=164,0.0,,Standard Chess,John Bartholomew,,,,
165,1,2000.0,W,Sicilian Defense,http://youtube.com/watch?v=4Dz5U7QUErA&amp;list=PLl9uuRYQ-6MBkB11PYyIiX5c_TPkaoF_T&amp;index=165,0.0,,Standard Chess,John Bartholomew,,,,
166,1,2000.0,B,Old Indian Defense,http://youtube.com/watch?v=Ph802JkrXgE&amp;list=PLl9uuRYQ-6MBkB11PYyIiX5c_TPkaoF_T&amp;index=166,0.0,,Standard Chess,John Bartholomew,,,,
167,1,2000.0,B,London System,http://youtube.com/watch?v=22QzV1t2xr4&amp;list=PLl9uuRYQ-6MBkB11PYyIiX5c_TPkaoF_T&amp;index=167,0.0,,Standard Chess,John Bartholomew,,,,
168,1,2000.0,W,Giuoco Pianissimo,http://youtube.com/watch?v=t934SQSEUOM&amp;list=PLl9uuRYQ-6MBkB11PYyIiX5c_TPkaoF_T&amp;index=168,0.0,,Standard Chess,John Bartholomew,,,,
169,1,2000.0,W,Philidor Defense,http://youtube.com/watch?v=O2GYHry9VgI&amp;list=PLl9uuRYQ-6MBkB11PYyIiX5c_TPkaoF_T&amp;index=169,0.0,,Standard Chess,John Bartholomew,,,,
170,1,2000.0,B,Nimzo-Larsen Attack,http://youtube.com/watch?v=6ZELJvXa5EY&amp;list=PLl9uuRYQ-6MBkB11PYyIiX5c_TPkaoF_T&amp;index=170,0.0,,Standard Chess,John Bartholomew,,,,
171,1,2000.0,B,Colle System,http://youtube.com/watch?v=ObBQkMVQVs0&amp;list=PLl9uuRYQ-6MBkB11PYyIiX5c_TPkaoF_T&amp;index=171,0.0,,Standard Chess,John Bartholomew,,,,
172,1,2000.0,W,Queen's Gambit Declined,http://youtube.com/watch?v=chPGCW4YQJ0&amp;list=PLl9uuRYQ-6MBkB11PYyIiX5c_TPkaoF_T&amp;index=172,0.0,,Standard Chess,John Bartholomew,,,,
173,1,2000.0,B,Anti-Slav Gambit,http://youtube.com/watch?v=uq3MPfv5qug&amp;list=PLl9uuRYQ-6MBkB11PYyIiX5c_TPkaoF_T&amp;index=173,0.0,,Standard Chess,John Bartholomew,,,,
174,1,2000.0,W,King's Indian Defense,http://youtube.com/watch?v=sc7YICBluZI&amp;list=PLl9uuRYQ-6MBkB11PYyIiX5c_TPkaoF_T&amp;index=177,0.0,,Standard Chess,John Bartholomew,,,,
175,1,2000.0,B,Sicilian Defense,http://youtube.com/watch?v=0xM48nktm7U&amp;list=PLl9uuRYQ-6MBkB11PYyIiX5c_TPkaoF_T&amp;index=178,0.0,,Standard Chess,John Bartholomew,,,,
176,1,2000.0,W,Queen's Gambit Declined,http://youtube.com/watch?v=COILVtB0cBQ&amp;list=PLl9uuRYQ-6MBkB11PYyIiX5c_TPkaoF_T&amp;index=179,0.0,,Standard Chess,John Bartholomew,,,,
177,1,2000.0,B,Slow Slav,http://youtube.com/watch?v=Go8ksppWH1o&amp;list=PLl9uuRYQ-6MBkB11PYyIiX5c_TPkaoF_T&amp;index=180,0.0,,Standard Chess,John Bartholomew,,,,
178,1,2000.0,B,Dzindzi-Indian Defense,http://youtube.com/watch?v=gBHaptM_6zo&amp;list=PLl9uuRYQ-6MBkB11PYyIiX5c_TPkaoF_T&amp;index=182,0.0,,Standard Chess,John Bartholomew,,,,
179,1,2000.0,B,Semi-Slav Defense,http://youtube.com/watch?v=ILVR27IgwzU&amp;list=PLl9uuRYQ-6MBkB11PYyIiX5c_TPkaoF_T&amp;index=183,0.0,,Standard Chess,John Bartholomew,,,,
180,1,2000.0,W,Sicilian Defense,http://youtube.com/watch?v=dwzIo4vVwYE&amp;list=PLl9uuRYQ-6MBkB11PYyIiX5c_TPkaoF_T&amp;index=184,0.0,,Standard Chess,John Bartholomew,,,,
181,1,2000.0,W,King's Indian Defense,http://youtube.com/watch?v=GxauZhaOwKg&amp;list=PLl9uuRYQ-6MBkB11PYyIiX5c_TPkaoF_T&amp;index=185,0.0,,Standard Chess,John Bartholomew,,,,
182,1,2000.0,W,Bogo-Indian Defense,http://youtube.com/watch?v=mQlHjrf3ri8&amp;list=PLl9uuRYQ-6MBkB11PYyIiX5c_TPkaoF_T&amp;index=186,0.0,,Standard Chess,John Bartholomew,,,,
183,1,2000.0,B,Modern Defense,http://youtube.com/watch?v=GkyoKi66Ff0&amp;list=PLl9uuRYQ-6MBkB11PYyIiX5c_TPkaoF_T&amp;index=187,0.0,,Standard Chess,John Bartholomew,,,,
184,1,2000.0,W,Sicilian Defense,http://youtube.com/watch?v=zeLByF1NWOk&amp;list=PLl9uuRYQ-6MBkB11PYyIiX5c_TPkaoF_T&amp;index=188,0.0,,Standard Chess,John Bartholomew,,,,
185,1,2000.0,B,Caro-Kann Defense,http://youtube.com/watch?v=1TiBKY5AGAw&amp;list=PLl9uuRYQ-6MBkB11PYyIiX5c_TPkaoF_T&amp;index=189,0.0,,Standard Chess,John Bartholomew,,,,
186,1,2000.0,W,Sicilian Defense,http://youtube.com/watch?v=UBeZ2CTWFno&amp;list=PLl9uuRYQ-6MBkB11PYyIiX5c_TPkaoF_T&amp;index=190,0.0,,Standard Chess,John Bartholomew,,,,
187,1,2000.0,B,Semi-Slav Defense,http://youtube.com/watch?v=aDK7n2SCYXc&amp;list=PLl9uuRYQ-6MBkB11PYyIiX5c_TPkaoF_T&amp;index=191,0.0,,Standard Chess,John Bartholomew,,,,
188,1,2000.0,B,English Defense,http://youtube.com/watch?v=TvbWW_uvG6g&amp;list=PLl9uuRYQ-6MBkB11PYyIiX5c_TPkaoF_T&amp;index=192,0.0,,Standard Chess,John Bartholomew,,,,
189,1,2000.0,W,Ruy Lopez,http://youtube.com/watch?v=2Hg0JQ--VsQ&amp;list=PLl9uuRYQ-6MBkB11PYyIiX5c_TPkaoF_T&amp;index=193,0.0,,Standard Chess,John Bartholomew,,,,
190,1,2000.0,B,Sicilian Defense,http://youtube.com/watch?v=FC3rl2lcTDM&amp;list=PLl9uuRYQ-6MBkB11PYyIiX5c_TPkaoF_T&amp;index=194,0.0,,Standard Chess,John Bartholomew,,,,
191,1,2000.0,B,French Defense,http://youtube.com/watch?v=i8nAvTz6cOo&amp;list=PLl9uuRYQ-6MBkB11PYyIiX5c_TPkaoF_T&amp;index=195,0.0,,Standard Chess,John Bartholomew,,,,
192,1,2000.0,B,Slav Defense,http://youtube.com/watch?v=FzaOwFyC42Y&amp;list=PLl9uuRYQ-6MBkB11PYyIiX5c_TPkaoF_T&amp;index=196,0.0,,Standard Chess,John Bartholomew,,,,
193,1,2000.0,W,Philidor Defense,http://youtube.com/watch?v=C8aMmXYodmo&amp;list=PLl9uuRYQ-6MBkB11PYyIiX5c_TPkaoF_T&amp;index=197,0.0,,Standard Chess,John Bartholomew,,,,
194,1,2000.0,W,King's Indian Defense,http://youtube.com/watch?v=E6siBYobjLk&amp;list=PLl9uuRYQ-6MBkB11PYyIiX5c_TPkaoF_T&amp;index=198,0.0,,Standard Chess,John Bartholomew,,,,
195,1,2000.0,B,Scandinavian Defense,http://youtube.com/watch?v=QuWmoTgy_0s&amp;list=PLl9uuRYQ-6MBkB11PYyIiX5c_TPkaoF_T&amp;index=199,0.0,,Standard Chess,John Bartholomew,,,,
196,1,2000.0,B,Pirc Defense,http://youtube.com/watch?v=eRk2ug1uz4k&amp;list=PLl9uuRYQ-6MBkB11PYyIiX5c_TPkaoF_T&amp;index=200,0.0,,Standard Chess,John Bartholomew,,,,
197,1,2000.0,W,King's Indian Defense,http://youtube.com/watch?v=jEg9gTD3rNY&amp;list=PLl9uuRYQ-6MBkB11PYyIiX5c_TPkaoF_T&amp;index=201,0.0,,Standard Chess,John Bartholomew,,,,
198,1,2000.0,B,Queen's Pawn Game,http://youtube.com/watch?v=b43PIDHVfRU&amp;list=PLl9uuRYQ-6MBkB11PYyIiX5c_TPkaoF_T&amp;index=202,0.0,,Standard Chess,John Bartholomew,,,,
199,1,2000.0,B,Scotch Game,http://youtube.com/watch?v=G4oFcDHk3Mc&amp;list=PLl9uuRYQ-6MBkB11PYyIiX5c_TPkaoF_T&amp;index=203,0.0,,Standard Chess,John Bartholomew,,,,
200,1,2000.0,W,London System,http://youtube.com/watch?v=wX12ofcZDwg&amp;list=PLl9uuRYQ-6MBkB11PYyIiX5c_TPkaoF_T&amp;index=204,0.0,,Standard Chess,John Bartholomew,,,,
201,1,2000.0,W,Nimzo-Indian Defense,http://youtube.com/watch?v=vA4abZNpAIc&amp;list=PLl9uuRYQ-6MBkB11PYyIiX5c_TPkaoF_T&amp;index=205&amp;t=9s,0.0,,Standard Chess,John Bartholomew,,,,
202,1,2000.0,W,Benko Gambit,http://youtube.com/watch?v=xiCT-oIvni0&amp;list=PLl9uuRYQ-6MBkB11PYyIiX5c_TPkaoF_T&amp;index=206,0.0,,Standard Chess,John Bartholomew,,,,
203,1,2000.0,B,Giuoco Piano,http://youtube.com/watch?v=KRv2XIN2Dys&amp;list=PLl9uuRYQ-6MBkB11PYyIiX5c_TPkaoF_T&amp;index=207,0.0,,Standard Chess,John Bartholomew,,,,
204,1,2000.0,W,Nimzo-Indian Defense,http://youtube.com/watch?v=NcHhB0flxPA&amp;list=PLl9uuRYQ-6MBkB11PYyIiX5c_TPkaoF_T&amp;index=208,0.0,,Standard Chess,John Bartholomew,,,,
205,1,2000.0,B,Slow Slav,http://youtube.com/watch?v=9QlDFC4yt5E&amp;list=PLl9uuRYQ-6MBkB11PYyIiX5c_TPkaoF_T&amp;index=209,0.0,,Standard Chess,John Bartholomew,,,,
206,1,2000.0,W,King's Indian Attack,http://youtube.com/watch?v=r6viFyTFsHo&amp;list=PLl9uuRYQ-6MBkB11PYyIiX5c_TPkaoF_T&amp;index=210,0.0,,Standard Chess,John Bartholomew,,,,
207,1,2000.0,B,Caro-Kann Defense,http://youtube.com/watch?v=HpOiP_qNTVg&amp;list=PLl9uuRYQ-6MBkB11PYyIiX5c_TPkaoF_T&amp;index=211,0.0,,Standard Chess,John Bartholomew,,,,
208,1,2000.0,B,Ruy Lopez,http://youtube.com/watch?v=8M95oDlfrDc&amp;list=PLl9uuRYQ-6MBkB11PYyIiX5c_TPkaoF_T&amp;index=212,0.0,,Standard Chess,John Bartholomew,,,,
209,1,2000.0,W,Slav Defense,http://youtube.com/watch?v=0vCSLoGQxEc&amp;list=PLl9uuRYQ-6MBkB11PYyIiX5c_TPkaoF_T&amp;index=213,0.0,,Standard Chess,John Bartholomew,,,,
210,1,2000.0,B,Scandinavian Defense,http://youtube.com/watch?v=XH9yRIoyWMI&amp;list=PLl9uuRYQ-6MBkB11PYyIiX5c_TPkaoF_T&amp;index=214,0.0,,Standard Chess,John Bartholomew,,,,
211,1,2000.0,W,Tarrasch Defense,http://youtube.com/watch?v=7DgZL2ew4_E&amp;list=PLl9uuRYQ-6MBkB11PYyIiX5c_TPkaoF_T&amp;index=215,0.0,,Standard Chess,John Bartholomew,,,,
212,1,2000.0,W,Slav Defense,http://youtube.com/watch?v=ny-rIDqNO0E&amp;list=PLl9uuRYQ-6MBkB11PYyIiX5c_TPkaoF_T&amp;index=216,0.0,,Standard Chess,John Bartholomew,,,,
213,1,2000.0,B,French Defense,http://youtube.com/watch?v=6sQGvSbUPsQ&amp;list=PLl9uuRYQ-6MBkB11PYyIiX5c_TPkaoF_T&amp;index=217,0.0,,Standard Chess,John Bartholomew,,,,
214,1,2000.0,B,Slav Defense,http://youtube.com/watch?v=pUzGeK8cFB8&amp;list=PLl9uuRYQ-6MBkB11PYyIiX5c_TPkaoF_T&amp;index=218,0.0,,Standard Chess,John Bartholomew,,,,
215,1,2000.0,W,King's Indian Defense,http://youtube.com/watch?v=nzYMtEcu9Ts&amp;list=PLl9uuRYQ-6MBkB11PYyIiX5c_TPkaoF_T&amp;index=219,0.0,,Standard Chess,John Bartholomew,,,,
216,1,2000.0,W,Modern Defense,http://youtube.com/watch?v=-yxkZlRCMzM&amp;list=PLl9uuRYQ-6MBkB11PYyIiX5c_TPkaoF_T&amp;index=220,0.0,,Standard Chess,John Bartholomew,,,,
217,1,2000.0,B,Slav Defense,http://youtube.com/watch?v=uVfuHiy6GPw&amp;list=PLl9uuRYQ-6MBkB11PYyIiX5c_TPkaoF_T&amp;index=221,0.0,,Standard Chess,John Bartholomew,,,,
218,1,2000.0,B,Mieses Opening - 1.d3,http://youtube.com/watch?v=QlDZtY6YiRQ&amp;list=PLl9uuRYQ-6MBkB11PYyIiX5c_TPkaoF_T&amp;index=222,0.0,,Standard Chess,John Bartholomew,,,,
219,1,2000.0,W,French Defense,http://youtube.com/watch?v=FZsRrqMiSgk&amp;list=PLl9uuRYQ-6MBkB11PYyIiX5c_TPkaoF_T&amp;index=223,0.0,,Standard Chess,John Bartholomew,,,,
220,1,2000.0,B,Triangle System,http://youtube.com/watch?v=Bqsxv3M2Aok&amp;list=PLl9uuRYQ-6MBkB11PYyIiX5c_TPkaoF_T&amp;index=224,0.0,,Standard Chess,John Bartholomew,,,,
221,1,2000.0,W,Sicilian Defense,http://youtube.com/watch?v=4-Th3j8Ma64&amp;list=PLl9uuRYQ-6MBkB11PYyIiX5c_TPkaoF_T&amp;index=225,0.0,,Standard Chess,John Bartholomew,,,,
222,1,2000.0,B,Sicilian Defense,http://youtube.com/watch?v=ersfCW5-Yrs&amp;list=PLl9uuRYQ-6MBkB11PYyIiX5c_TPkaoF_T&amp;index=226,0.0,,Standard Chess,John Bartholomew,,,,
223,1,2000.0,W,Nimzo-Larsen Attack,http://youtube.com/watch?v=LEAFsULgWls&amp;list=PLl9uuRYQ-6MBkB11PYyIiX5c_TPkaoF_T&amp;index=227,0.0,,Standard Chess,John Bartholomew,,,,
224,1,2000.0,B,Sicilian Defense,http://youtube.com/watch?v=MAwAh7vo3uY&amp;list=PLl9uuRYQ-6MBkB11PYyIiX5c_TPkaoF_T&amp;index=228,0.0,,Standard Chess,John Bartholomew,,,,
225,1,2000.0,W,Queen's Gambit Declined,http://youtube.com/watch?v=wejPp64czAY&amp;list=PLl9uuRYQ-6MBkB11PYyIiX5c_TPkaoF_T&amp;index=229,0.0,,Standard Chess,John Bartholomew,,,,
226,1,2000.0,B,Hedgehog Defense,http://youtube.com/watch?v=QGT2eUgWmzk&amp;list=PLl9uuRYQ-6MBkB11PYyIiX5c_TPkaoF_T&amp;index=230,0.0,,Standard Chess,John Bartholomew,,,,
227,1,2000.0,B,Slav Defense,http://youtube.com/watch?v=aUkrddfu57w&amp;list=PLl9uuRYQ-6MBkB11PYyIiX5c_TPkaoF_T&amp;index=231,0.0,,Standard Chess,John Bartholomew,,,,
228,1,2000.0,W,King's Indian Defense,http://youtube.com/watch?v=tAbo4_CumMs&amp;list=PLl9uuRYQ-6MBkB11PYyIiX5c_TPkaoF_T&amp;index=232,0.0,,Standard Chess,John Bartholomew,,,,
229,1,2000.0,B,Sicilian Defense,http://youtube.com/watch?v=O3U0NROY8XQ&amp;list=PLl9uuRYQ-6MBkB11PYyIiX5c_TPkaoF_T&amp;index=233,0.0,,Standard Chess,John Bartholomew,,,,
230,1,2000.0,W,Nimzo-Indian Defense,http://youtube.com/watch?v=6JouCHqD60U&amp;list=PLl9uuRYQ-6MBkB11PYyIiX5c_TPkaoF_T&amp;index=234,0.0,,Standard Chess,John Bartholomew,,,,
231,1,2000.0,W,Caro-Kann Defense,http://youtube.com/watch?v=AcKKuIyJcvI&amp;list=PLl9uuRYQ-6MBkB11PYyIiX5c_TPkaoF_T&amp;index=235,0.0,,Standard Chess,John Bartholomew,,,,
232,1,2000.0,W,King's Indian Attack,http://youtube.com/watch?v=rVSR02QQCWU&amp;list=PLl9uuRYQ-6MBkB11PYyIiX5c_TPkaoF_T&amp;index=236,0.0,,Standard Chess,John Bartholomew,,,,
233,1,2000.0,W,Marshall Defense,http://youtube.com/watch?v=dsrxDcIIrWo&amp;list=PLl9uuRYQ-6MBkB11PYyIiX5c_TPkaoF_T&amp;index=237,0.0,,Standard Chess,John Bartholomew,,,,
234,1,2000.0,W,Slav Defense,http://youtube.com/watch?v=NuzsdiJ6yAc&amp;list=PLl9uuRYQ-6MBkB11PYyIiX5c_TPkaoF_T&amp;index=238,0.0,,Standard Chess,John Bartholomew,,,,
235,1,2000.0,B,Slav Defense,http://youtube.com/watch?v=CXooeBv6Of4&amp;list=PLl9uuRYQ-6MBkB11PYyIiX5c_TPkaoF_T&amp;index=239,0.0,,Standard Chess,John Bartholomew,,,,
236,1,2000.0,W,Ruy Lopez,http://youtube.com/watch?v=LgphwDXOjXc&amp;list=PLl9uuRYQ-6MBkB11PYyIiX5c_TPkaoF_T&amp;index=240,0.0,,Standard Chess,John Bartholomew,,,,
237,1,2000.0,B,Sicilian Defense,http://youtube.com/watch?v=TzOhXgXE8Gc&amp;list=PLl9uuRYQ-6MBkB11PYyIiX5c_TPkaoF_T&amp;index=241,0.0,,Standard Chess,John Bartholomew,,,,
238,1,2000.0,B,Caro-Kann Defense,http://youtube.com/watch?v=y2CAE4llTRw&amp;list=PLl9uuRYQ-6MBkB11PYyIiX5c_TPkaoF_T&amp;index=242,0.0,,Standard Chess,John Bartholomew,,,,
239,1,2000.0,W,Petroff Defense,http://youtube.com/watch?v=mHHjge_Br-I&amp;list=PLl9uuRYQ-6MBkB11PYyIiX5c_TPkaoF_T&amp;index=243,0.0,,Standard Chess,John Bartholomew,,,,
240,1,2000.0,W,Slav Defense,http://youtube.com/watch?v=uM4m67u7vnU&amp;list=PLl9uuRYQ-6MBkB11PYyIiX5c_TPkaoF_T&amp;index=244,0.0,,Standard Chess,John Bartholomew,,,,
241,1,2000.0,B,Cambridge Springs Defense,http://youtube.com/watch?v=mFJV2hBe680&amp;list=PLl9uuRYQ-6MBkB11PYyIiX5c_TPkaoF_T&amp;index=245,0.0,,Standard Chess,John Bartholomew,,,,
242,1,2000.0,B,Grunfeld Defense,http://youtube.com/watch?v=fyp0lph4Wh4&amp;list=PLl9uuRYQ-6MBkB11PYyIiX5c_TPkaoF_T&amp;index=246,0.0,,Standard Chess,John Bartholomew,,,,
243,1,2000.0,B,King's Indian Defense,http://youtube.com/watch?v=UPgvNXt7lM0&amp;list=PLl9uuRYQ-6MBkB11PYyIiX5c_TPkaoF_T&amp;index=247,0.0,,Standard Chess,John Bartholomew,,,,
244,1,2000.0,W,Ruy Lopez,http://youtube.com/watch?v=dH6NhuYx4VE&amp;list=PLl9uuRYQ-6MBkB11PYyIiX5c_TPkaoF_T&amp;index=248,0.0,,Standard Chess,John Bartholomew,,,,
245,1,2000.0,W,Smith-Morra Gambit,http://youtube.com/watch?v=B7uC9ATeN4k&amp;list=PLl9uuRYQ-6MBkB11PYyIiX5c_TPkaoF_T&amp;index=249,0.0,,Standard Chess,John Bartholomew,,,,
246,1,2000.0,W,Sicilian Defense,http://youtube.com/watch?v=muYtcQRSIjc&amp;list=PLl9uuRYQ-6MBkB11PYyIiX5c_TPkaoF_T&amp;index=250,0.0,,Standard Chess,John Bartholomew,,,,
247,1,2000.0,B,Sicilian Defense,http://youtube.com/watch?v=_NDy_VOOqT4&amp;list=PLl9uuRYQ-6MBkB11PYyIiX5c_TPkaoF_T&amp;index=251,0.0,,Standard Chess,John Bartholomew,,,,
248,1,2000.0,B,Reversed Stonewall,http://youtube.com/watch?v=8GCSF_NIFyI&amp;list=PLl9uuRYQ-6MBkB11PYyIiX5c_TPkaoF_T&amp;index=252,0.0,,Standard Chess,John Bartholomew,,,,
249,1,2000.0,B,Slav Defense,http://youtube.com/watch?v=URp54pjrYUQ&amp;list=PLl9uuRYQ-6MBkB11PYyIiX5c_TPkaoF_T&amp;index=253,0.0,,Standard Chess,John Bartholomew,,,,
250,1,2000.0,W,Zukertort Opening,http://youtube.com/watch?v=OoqJV8Rmz14&amp;list=PLl9uuRYQ-6MBkB11PYyIiX5c_TPkaoF_T&amp;index=254,0.0,,Standard Chess,John Bartholomew,,,,
251,1,2000.0,W,Pirc Defense,http://youtube.com/watch?v=CMrnJgxGwTY&amp;list=PLl9uuRYQ-6MBkB11PYyIiX5c_TPkaoF_T&amp;index=255,0.0,,Standard Chess,John Bartholomew,,,,
252,1,2000.0,W,King's Gambit,http://youtube.com/watch?v=iXTfes90vTs&amp;list=PLl9uuRYQ-6MBkB11PYyIiX5c_TPkaoF_T&amp;index=256,0.0,,Standard Chess,John Bartholomew,,,,
253,1,2000.0,W,Queen's Indian Defense,http://youtube.com/watch?v=cmcd4QtQKpw&amp;list=PLl9uuRYQ-6MBkB11PYyIiX5c_TPkaoF_T&amp;index=258,0.0,,Standard Chess,John Bartholomew,,,,
254,1,2000.0,W,Scandinavian Defense,http://youtube.com/watch?v=lFyVuBSd1oQ&amp;list=PLl9uuRYQ-6MBkB11PYyIiX5c_TPkaoF_T&amp;index=259,0.0,,Standard Chess,John Bartholomew,,,,
255,1,2000.0,B,Dzindzi-Indian Defense,http://youtube.com/watch?v=jtUNUVmFh2Y&amp;list=PLl9uuRYQ-6MBkB11PYyIiX5c_TPkaoF_T&amp;index=260,0.0,,Standard Chess,John Bartholomew,,,,
256,1,2000.0,W,Barry Attack,http://youtube.com/watch?v=Z3WLVeGuqjg&amp;list=PLl9uuRYQ-6MBkB11PYyIiX5c_TPkaoF_T&amp;index=261,0.0,,Standard Chess,John Bartholomew,,,,
257,1,2000.0,W,Nimzo-Indian Defense,http://youtube.com/watch?v=NGeas0ed-TQ&amp;list=PLl9uuRYQ-6MBkB11PYyIiX5c_TPkaoF_T&amp;index=262,0.0,,Standard Chess,John Bartholomew,,,,
258,1,2000.0,B,Modern Defense,http://youtube.com/watch?v=KHbo2HYU73c&amp;list=PLl9uuRYQ-6MBkB11PYyIiX5c_TPkaoF_T&amp;index=263,0.0,,Standard Chess,John Bartholomew,,,,
259,1,2000.0,B,Slav Defense,http://youtube.com/watch?v=z4nYE_4dN80&amp;list=PLl9uuRYQ-6MBkB11PYyIiX5c_TPkaoF_T&amp;index=264,0.0,,Standard Chess,John Bartholomew,,,,
260,1,2000.0,B,Stonewall Attack,http://youtube.com/watch?v=c0pZH45m2J4&amp;list=PLl9uuRYQ-6MBkB11PYyIiX5c_TPkaoF_T&amp;index=265,0.0,,Standard Chess,John Bartholomew,,,,
261,1,2000.0,B,Sicilian Defense,http://youtube.com/watch?v=OWQJhzlEPyg&amp;list=PLl9uuRYQ-6MBkB11PYyIiX5c_TPkaoF_T&amp;index=266,0.0,,Standard Chess,John Bartholomew,,,,
262,1,2000.0,W,Pirc Defense,http://youtube.com/watch?v=PxsOUfI3fho&amp;list=PLl9uuRYQ-6MBkB11PYyIiX5c_TPkaoF_T&amp;index=267,0.0,,Standard Chess,John Bartholomew,,,,
263,1,2000.0,W,Baltic Defense,http://youtube.com/watch?v=-jf3Fuijkro&amp;list=PLl9uuRYQ-6MBkB11PYyIiX5c_TPkaoF_T&amp;index=268,0.0,,Standard Chess,John Bartholomew,,,,
264,1,2000.0,W,Nimzo-Indian Defense,http://youtube.com/watch?v=G_2lQ0FVOQQ&amp;list=PLl9uuRYQ-6MBkB11PYyIiX5c_TPkaoF_T&amp;index=269,0.0,,Standard Chess,John Bartholomew,,,,
265,1,2000.0,B,Dunst Opening,http://youtube.com/watch?v=ojeFMXyTboc&amp;list=PLl9uuRYQ-6MBkB11PYyIiX5c_TPkaoF_T&amp;index=270,0.0,,Standard Chess,John Bartholomew,,,,
266,1,2000.0,B,Caro-Kann Defense,http://youtube.com/watch?v=RmXvsg9_RTE&amp;list=PLl9uuRYQ-6MBkB11PYyIiX5c_TPkaoF_T&amp;index=272,0.0,,Standard Chess,John Bartholomew,,,,
267,1,2000.0,B,Semi-Slav Defense,http://youtube.com/watch?v=rCFHXetPan8&amp;list=PLl9uuRYQ-6MBkB11PYyIiX5c_TPkaoF_T&amp;index=273,0.0,,Standard Chess,John Bartholomew,,,,
268,1,2000.0,B,Queen's Indian Defense,http://youtube.com/watch?v=MRGtWbkPxio&amp;list=PLl9uuRYQ-6MBkB11PYyIiX5c_TPkaoF_T&amp;index=274,0.0,,Standard Chess,John Bartholomew,,,,
269,1,2000.0,B,Sicilian Defense,http://youtube.com/watch?v=wFiS3AlxNaA&amp;list=PLl9uuRYQ-6MBkB11PYyIiX5c_TPkaoF_T&amp;index=275,0.0,,Standard Chess,John Bartholomew,,,,
270,1,2000.0,B,Bogo-Indian Defense,http://youtube.com/watch?v=tJexGiiYEAA&amp;list=PLl9uuRYQ-6MBkB11PYyIiX5c_TPkaoF_T&amp;index=276,0.0,,Standard Chess,John Bartholomew,,,,
271,1,2000.0,B,Pirc Defense,http://youtube.com/watch?v=E9H7YvvLHe0&amp;list=PLl9uuRYQ-6MBkB11PYyIiX5c_TPkaoF_T&amp;index=277,0.0,,Standard Chess,John Bartholomew,,,,
272,1,2000.0,B,English Rat Defense,http://youtube.com/watch?v=9qQuEJomfXU&amp;list=PLl9uuRYQ-6MBkB11PYyIiX5c_TPkaoF_T&amp;index=278,0.0,,Standard Chess,John Bartholomew,,,,
273,1,2000.0,B,Queen's Gambit Declined,http://youtube.com/watch?v=WHwIJN6YYRM&amp;list=PLl9uuRYQ-6MBkB11PYyIiX5c_TPkaoF_T&amp;index=279,0.0,,Standard Chess,John Bartholomew,,,,
274,1,2000.0,B,Sicilian Defense,http://youtube.com/watch?v=7pMMpAljJTI&amp;list=PLl9uuRYQ-6MBkB11PYyIiX5c_TPkaoF_T&amp;index=280,0.0,,Standard Chess,John Bartholomew,,,,
