series_no,game_no,rating,color,opening,link,start,analysis,series,creator,move1,move2,move3,move4
1,1,397,B,Scotch,https://www.youtube.com/watch?v=Ytkf3qZTj74&list=PLT1F2nOxLHOcmi_qi1BbY6axf5xLFEcit&index=1,0.00,,Back to 3000,Danya,,,,
2,1,436,B,"1. e4, Wayward Queen",https://www.youtube.com/watch?v=HiCeU8tIh0U&list=PLT1F2nOxLHOcmi_qi1BbY6axf5xLFEcit&index=4,0.00,,Back to 3000,Danya,1. e4 e5,2. Qh5 Nc6,3. Bc4 g6,
3,1,476,B,"Bishop's Opening: Berlin,  Ponziani gambit",https://www.youtube.com/watch?v=3knyQ8z7lrQ&list=PLT1F2nOxLHOcmi_qi1BbY6axf5xLFEcit&index=3,0.00,,Back to 3000,Danya,1. e4 e5 ,2. Bc4 Nf6 ,3. d4 exd4,
4,1,677,B,Van Geet Opening,https://www.youtube.com/watch?v=aEKSPFwvFoY&list=PLT1F2nOxLHOcmi_qi1BbY6axf5xLFEcit&index=4,0.00,,Back to 3000,Danya,1. f3 e5 ,2. d3 d5 ,3. e4 Nf6,
4,2,692,B,1. e3,https://youtu.be/aEKSPFwvFoY,13.23,,Back to 3000,Danya,1. e3 e5 ,2. Nc3 d5 ,3. d4 e4,
5,1,730,W,Italian,https://www.youtube.com/watch?v=PHAmfkkrSSs&list=PLT1F2nOxLHOcmi_qi1BbY6axf5xLFEcit&index=5,0.00,,Back to 3000,Danya,1. e4 e5 ,2. Nf3 Nc6 ,3. Bc4 d6,
5,2,744,W,"1. d4, Borg Defense",https://youtu.be/PHAmfkkrSSs,17.20,,Back to 3000,Danya,1. d4 g5,2. Bxg5 f6 ,3. e4 h5,
6,1,712,B,4 Knights Scotch,https://www.youtube.com/watch?v=js6ZLkfXwEg&list=PLT1F2nOxLHOcmi_qi1BbY6axf5xLFEcit&index=6,0.00,,Back to 3000,Danya,1. e4 e5,2. Nf3 Nc6 ,3. Nc3 Nf6,
7,1,757,B,Scotch,https://www.youtube.com/watch?v=HVKBVYhxpEY&list=PLT1F2nOxLHOcmi_qi1BbY6axf5xLFEcit&index=7,0.00,,Back to 3000,Danya,1. e4 e5 ,2. Nf3 Nc6 ,3. d4 exd4,
8,1,750,W,Scandinavian,https://www.youtube.com/watch?v=hzotV0aslmY&list=PLT1F2nOxLHOcmi_qi1BbY6axf5xLFEcit&index=8,0.00,,Back to 3000,Danya,1. e4 d5 ,2. exd5 Qxd5 ,3. Nc3 Qd8,
8,2,803,B,King's Fianchetto Opening,https://youtu.be/hzotV0aslmY,17.50,,Back to 3000,Danya,1. g3 e5 ,2. Bg2 d5 ,3. e3 Nf6,
8,3,816,B,Queen's Pawn Opening,https://youtu.be/hzotV0aslmY,32.30,,Back to 3000,Danya,1. d4 d5 ,2. a3 Nf6,3. Nf3 Bf5,
9,1,1073,B,1. e4 e5 2. Qf3,https://www.youtube.com/watch?v=33EpuPv4ULw&list=PLT1F2nOxLHOcmi_qi1BbY6axf5xLFEcit&index=9,0.00,16.03,Back to 3000,Danya,1. e4 e5,,,
9,2,,W,Philidor,,7.30,18.15,Back to 3000,Danya,,,,
9,3,,W,Advance French,,12.13,28.40,Back to 3000,Danya,,,,
10,1,1112,W,Italian,https://www.youtube.com/watch?v=QJ3YfBMrVls&list=PLT1F2nOxLHOcmi_qi1BbY6axf5xLFEcit&index=10,2.00,16.30,Back to 3000,Danya,,,,
10,2,,,Philidor,,7.50,20.00,Back to 3000,Danya,,,,
10,3,,,Sicilian,,12.30,22.52,Back to 3000,Danya,,,,
11,1,1138,B,Sicilian,https://www.youtube.com/watch?v=nsG9XSdGkj8&list=PLT1F2nOxLHOcmi_qi1BbY6axf5xLFEcit&index=11,0.00,43.05,Back to 3000,Danya,,,,
11,2,,W,Open Sicilian,,9.10,33.40,Back to 3000,Danya,,,,
11,3,,B,Ruy Lopez,,16.40,42.10,Back to 3000,Danya,,,,
12,1,1173,W,Italian,https://www.youtube.com/watch?v=uuDQbMlXeDQ&list=PLT1F2nOxLHOcmi_qi1BbY6axf5xLFEcit&index=12,0.00,15.35,Back to 3000,Danya,,,,
12,2,,W,Elephant Gambit,,3.45,20.00,Back to 3000,Danya,,,,
12,3,,B,QGD,,8.55,24.50,Back to 3000,Danya,,,,
13,1,1200,B,King's Gambit,https://www.youtube.com/watch?v=Wgl8OsI1dB4&list=PLT1F2nOxLHOcmi_qi1BbY6axf5xLFEcit&index=13,0.00,20.15,Back to 3000,Danya,,,,
13,2,,W,Italian,,10.05,24.10,Back to 3000,Danya,,,,
14,1,1219,B,Accelerated Dragon,https://www.youtube.com/watch?v=qlEZdH3nEZs,0.00,,Back to 3000,Danya,,,,
14,2,,W,Modern,,6.50,,Back to 3000,Danya,,,,
14,3,,B,Sicilian,,14.15,,Back to 3000,Danya,,,,
15,1,1243,B,Sicilian,https://www.youtube.com/watch?v=8EZYSq6c_hg&list=PLT1F2nOxLHOcmi_qi1BbY6axf5xLFEcit&index=15,0.00,,Back to 3000,Danya,,,,
15,2,,B,Accelerated Dragon,,6.40,22.48,Back to 3000,Danya,,,,
15,3,,W,Ruy Lopez,,8.50,24.31,Back to 3000,Danya,,,,
15,4,,W,1. e4 b6,,15.45,25.09,Back to 3000,Danya,1. e4 b6,,,
15,5,,B,Accelerated Dragon,,29.00,38.45,Back to 3000,Danya,,,,
16,1,1294,W,Philidor,https://www.youtube.com/watch?v=WM0vlYWi33I&list=PLT1F2nOxLHOcmi_qi1BbY6axf5xLFEcit&index=16,0.00,,Back to 3000,Danya,,,,
16,2,,B,Accelerated Dragon,,10.50,,Back to 3000,Danya,,,,
16,3,,W,Elephant Gambit,,19.10,19.10,Back to 3000,Danya,,,,
17,1,1310,B,[bishop sac],https://www.youtube.com/watch?v=iwCO5bNiuNw&list=PLT1F2nOxLHOcmi_qi1BbY6axf5xLFEcit&index=17,0.00,,Back to 3000,Danya,,,,
17,2,,W,Ruy Lopez,,12.15,,Back to 3000,Danya,,,,
17,3,,W,Advance Caro,,17.03,,Back to 3000,Danya,,,,
18,1,1370,W,Modern,https://www.youtube.com/watch?v=oH407-a1v-4&list=PLT1F2nOxLHOcmi_qi1BbY6axf5xLFEcit&index=18,0.00,,Back to 3000,Danya,,,,
18,2,,B,King's Indian,,9.00,,Back to 3000,Danya,,,,
18,3,,B,King's Indian,,19.40,,Back to 3000,Danya,,,,
19,1,1380,W,Philidor,https://www.youtube.com/watch?v=xoS71OW-Re0&list=PLT1F2nOxLHOcmi_qi1BbY6axf5xLFEcit&index=19,0.00,10.00,Back to 3000,Danya,,,,
19,2,,,Elephant Gambit,,13.00,,Back to 3000,Danya,,,,
19,3,,,Stafford Gambit,,25.00,,Back to 3000,Danya,,,,
20,1,1398,B,Accelerated Dragon,https://www.youtube.com/watch?v=lWVZLZdQHcY&list=PLT1F2nOxLHOcmi_qi1BbY6axf5xLFEcit&index=20,0.00,17.33,Back to 3000,Danya,,,,
20,2,,W,Sicilian,,6.50,29.22,Back to 3000,Danya,,,,
21,1,1420,B,King's Indian,https://www.youtube.com/watch?v=cdEASsRLWcg&list=PLT1F2nOxLHOcmi_qi1BbY6axf5xLFEcit&index=21,0.00,,Back to 3000,Danya,,,,
21,2,,,,,15.00,,Back to 3000,Danya,,,,
21,3,,B,Accelerated Dragon,,22.00,,Back to 3000,Danya,,,,
21,4,,W,Scandinavian,,33.50,,Back to 3000,Danya,,,,
22,1,1451,B,King's Indian,https://www.youtube.com/watch?v=J6MDnL_B83w&list=PLT1F2nOxLHOcmi_qi1BbY6axf5xLFEcit&index=22,0.00,,Back to 3000,Danya,,,,
22,2,,B,Accelerated Dragon,,14.45,,Back to 3000,Danya,,,,
23,1,1469,W,Philidor,https://www.youtube.com/watch?v=OwrIaWwPJvM&list=PLT1F2nOxLHOcmi_qi1BbY6axf5xLFEcit&index=23,0.00,,Back to 3000,Danya,,,,
23,2,,,Sicilian,,11.30,,Back to 3000,Danya,,,,
24,1,1489,B,Bird,https://www.youtube.com/watch?v=U8zArIhxato&list=PLT1F2nOxLHOcmi_qi1BbY6axf5xLFEcit&index=24,0.00,,Back to 3000,Danya,,,,
24,2,,W,Italian,,4.50,,Back to 3000,Danya,,,,
24,3,,W,Open Sicilian,,10.15,19.15,Back to 3000,Danya,,,,
24,4,,B,Accelerated Dragon,,20.50,30.20,Back to 3000,Danya,,,,
25,1,1527,B,Accelerated Dragon,https://www.youtube.com/watch?v=ii1vl5wLPWU&list=PLT1F2nOxLHOcmi_qi1BbY6axf5xLFEcit&index=25,0.00,10.40,Back to 3000,Danya,,,,
25,2,,W,Italian,,16.55,,Back to 3000,Danya,,,,
25,3,,W,Pirc,,24.40,,Back to 3000,Danya,,,,
26,1,1562,B,Italian,https://www.youtube.com/watch?v=FqVMAv3wKes&list=PLT1F2nOxLHOcmi_qi1BbY6axf5xLFEcit&index=26,1.30,,Back to 3000,Danya,,,,
26,2,,B,Ruy Lopez,,13.50,,Back to 3000,Danya,,,,
26,3,,W,Scandinavian,,25.30,,Back to 3000,Danya,,,,
27,1,1592,B,Alapin Sicilian,https://www.youtube.com/watch?v=qW-mT-FbLnA&list=PLT1F2nOxLHOcmi_qi1BbY6axf5xLFEcit&index=27,0.00,,Back to 3000,Danya,,,,
27,2,,W,Nimzo / Scandi,,15.50,,Back to 3000,Danya,,,,
28,1,1608,W,Pirc,https://www.youtube.com/watch?v=OkjaIVnXg9o&list=PLT1F2nOxLHOcmi_qi1BbY6axf5xLFEcit&index=28,0.00,,Back to 3000,Danya,,,,
28,2,,B,London,,19.03,,Back to 3000,Danya,,,,
29,1,1620,B,Sicilian,https://www.youtube.com/watch?v=WwRujiYpgq0&list=PLT1F2nOxLHOcmi_qi1BbY6axf5xLFEcit&index=29,0.00,,Back to 3000,Danya,,,,
29,2,,B,Sicilian,,15.40,,Back to 3000,Danya,,,,
29,3,1643,W,Pirc,https://www.youtube.com/watch?v=ZlIq20_wnho&list=PLT1F2nOxLHOcmi_qi1BbY6axf5xLFEcit&index=30,0.00,,Back to 3000,Danya,,,,
30,1,,B,Sicilian,,11.00,,Back to 3000,Danya,,,,
30,2,,B,Sicilian,,20.00,,Back to 3000,Danya,,,,
31,1,1684,W,Scandinavian,https://www.youtube.com/watch?v=iQQDU3H7vaU&list=PLT1F2nOxLHOcmi_qi1BbY6axf5xLFEcit&index=31,0.00,,Back to 3000,Danya,,,,
31,2,,W,1. e4 e6 2. d4 c6,,8.55,,Back to 3000,Danya,1. e4 e6,2. d4 c6,,
31,3,,B,Sicilian,,20.00,,Back to 3000,Danya,,,,
32,1,1700,W,Exchange Caro Kann,https://www.youtube.com/watch?v=woqgGKERnps&list=PLT1F2nOxLHOcmi_qi1BbY6axf5xLFEcit&index=32,0.00,,Back to 3000,Danya,,,,
32,2,,W,Modern,,18.00,,Back to 3000,Danya,,,,
32,3,,W,Sicilian,,34.00,,Back to 3000,Danya,,,,
33,1,1720,W,Benoni,https://www.youtube.com/watch?v=FPI9J8_LmJQ&list=PLT1F2nOxLHOcmi_qi1BbY6axf5xLFEcit&index=33,0.00,,Back to 3000,Danya,,,,
33,2,,W,London / Dutch,,19.00,,Back to 3000,Danya,,,,
34,1,1745,B,King's Indian,https://www.youtube.com/watch?v=wdHXvOBC8bw&list=PLT1F2nOxLHOcmi_qi1BbY6axf5xLFEcit&index=34,0.00,,Back to 3000,Danya,,,,
34,2,,B,Ponziani,,11.00,,Back to 3000,Danya,,,,
34,3,,B,Accelerated Dragon,,23.15,,Back to 3000,Danya,,,,
35,1,1800,W,Pirc,https://www.youtube.com/watch?v=n781_V5I0ac&list=PLT1F2nOxLHOcmi_qi1BbY6axf5xLFEcit&index=35,0.00,,Back to 3000,Danya,,,,
35,2,,W,Modern,,9.52,,Back to 3000,Danya,,,,
35,3,,B,London / King's Indian,,19.03,,Back to 3000,Danya,,,,
36,1,1830,W,Alapin Sicilian,https://www.youtube.com/watch?v=9Iu56-1zzfI&list=PLT1F2nOxLHOcmi_qi1BbY6axf5xLFEcit&index=36,0.00,,Back to 3000,Danya,,,,
36,2,,,1. e4 c6 2. e5 d6,,12.18,,Back to 3000,Danya,1. e4 c6 ,2. e5 d6,,
37,1,1853,W,Englund,https://www.youtube.com/watch?v=hyAhvdIvtzQ&list=PLT1F2nOxLHOcmi_qi1BbY6axf5xLFEcit&index=37,0.00,,Back to 3000,Danya,,,,
37,2,,B,King's Indian,,15.14,,Back to 3000,Danya,,,,
38,1,1870,B,Smith-Morra Declined,https://www.youtube.com/watch?v=3UqPa5eV2e0&list=PLT1F2nOxLHOcmi_qi1BbY6axf5xLFEcit&index=38,0.00,,Back to 3000,Danya,,,,
38,2,,W,1. e4 d6 2. e5 c6,,16.30,,Back to 3000,Danya,1. e4 d6 ,2. e5 c6,,
39,1,1900,W,Scandinavian,https://www.youtube.com/watch?v=bIxvPbhuTpo&list=PLT1F2nOxLHOcmi_qi1BbY6axf5xLFEcit&index=39,0.00,,Back to 3000,Danya,,,,
39,2,,B,Alapin Sicilian,,13.20,,Back to 3000,Danya,,,,
40,1,1918,B,King's Indian,https://www.youtube.com/watch?v=7uxRcomJo7I&list=PLT1F2nOxLHOcmi_qi1BbY6axf5xLFEcit&index=40,0.00,,Back to 3000,Danya,,,,
40,2,,B,Modern,,19.45,,Back to 3000,Danya,,,,
41,1,1936,W,Alapin Sicilian,https://www.youtube.com/watch?v=VEwKZo8l7yY&list=PLT1F2nOxLHOcmi_qi1BbY6axf5xLFEcit&index=41,0.00,,Back to 3000,Danya,,,,
42,1,1944,W,Alapin Sicilian,https://www.youtube.com/watch?v=CfCoA7jQu84&list=PLT1F2nOxLHOcmi_qi1BbY6axf5xLFEcit&index=42,0.00,,Back to 3000,Danya,,,,
42,2,,W,Alapin Sicilian,,14.20,,Back to 3000,Danya,,,,
43,1,1964,W,French Tarrasch,https://www.youtube.com/watch?v=W6nkqNrWVrk&list=PLT1F2nOxLHOcmi_qi1BbY6axf5xLFEcit&index=43,0.00,,Back to 3000,Danya,,,,
43,2,,B,Accelerated Dragon,,18.45,,Back to 3000,Danya,,,,
44,1,1980,B,King's Indian,https://www.youtube.com/watch?v=gOKiOKPv-X0&list=PLT1F2nOxLHOcmi_qi1BbY6axf5xLFEcit&index=44,0.00,,Back to 3000,Danya,,,,
44,2,,B,Accelerated Dragon,,13.35,,Back to 3000,Danya,,,,
45,1,2000,B,King's Indian,https://www.youtube.com/watch?v=7f2sPY2U204&list=PLT1F2nOxLHOcmi_qi1BbY6axf5xLFEcit&index=45,0.00,,Back to 3000,Danya,,,,
45,2,,W,Alapin Sicilian,,12.00,,Back to 3000,Danya,,,,
46,1,2020,W,Ruy Lopez / Berlin,,0.00,,Back to 3000,Danya,,,,
47,1,2030,B,Najdorf,https://www.youtube.com/watch?v=j4-gTbXfwXg&list=PLT1F2nOxLHOcmi_qi1BbY6axf5xLFEcit&index=48,0.00,,Back to 3000,Danya,,,,
47,2,,W,Alekhine,,15.55,,Back to 3000,Danya,,,,
47,3,,B,Alekhine,,22.00,,Back to 3000,Danya,,,,
48,1,2056,W,QG / Slav,https://www.youtube.com/watch?v=EfHnGTCO1s4&list=PLT1F2nOxLHOcmi_qi1BbY6axf5xLFEcit&index=48,0.00,,Back to 3000,Danya,,,,
49,1,2065,W,Ruy Lopez / Bird,https://www.youtube.com/watch?v=uVQKL83tZb0&list=PLT1F2nOxLHOcmi_qi1BbY6axf5xLFEcit&index=49,0.00,,Back to 3000,Danya,,,,
49,2,,W,Alekhine,,24.25,,Back to 3000,Danya,,,,
50,1,2070,B,King's Indian,https://www.youtube.com/watch?v=E0cMsom-N7E&list=PLT1F2nOxLHOcmi_qi1BbY6axf5xLFEcit&index=50,0.00,,Back to 3000,Danya,,,,
50,2,,B,King's Indian,,19.30,,Back to 3000,Danya,,,,
51,1,2090,B,Rossolimo Sicilian,https://www.youtube.com/watch?v=1AMYr01rkHE&list=PLT1F2nOxLHOcmi_qi1BbY6axf5xLFEcit&index=51,0.00,,Back to 3000,Danya,,,,
52,1,2100,W,King's Indian / Samisch,https://www.youtube.com/watch?v=JEMVGw2WdCE&list=PLT1F2nOxLHOcmi_qi1BbY6axf5xLFEcit&index=52,0.00,,Back to 3000,Danya,,,,
52,2,,W,Sicilian,,17.30,,Back to 3000,Danya,,,,
53,1,2120,B,QG / Slav,https://www.youtube.com/watch?v=Z4WjtjMl3j8&list=PLT1F2nOxLHOcmi_qi1BbY6axf5xLFEcit&index=53,0.00,,Back to 3000,Danya,,,,
53,2,,,Modern,,18.24,,Back to 3000,Danya,,,,
54,1,2135,W,Caro Kann,https://www.youtube.com/watch?v=Nu5BrqlnACs&list=PLT1F2nOxLHOcmi_qi1BbY6axf5xLFEcit&index=54,0.00,,Back to 3000,Danya,,,,
54,2,,B,King's Indian / Torre,,22.40,,Back to 3000,Danya,,,,
55,1,2154,W,French Tarrasch,https://www.youtube.com/watch?v=SziecWG-v0c&list=PLT1F2nOxLHOcmi_qi1BbY6axf5xLFEcit&index=55,0.00,,Back to 3000,Danya,,,,
55,2,,W,Caro Kann,,21.45,,Back to 3000,Danya,,,,
56,1,2170,W,Nimzo Indian,https://www.youtube.com/watch?v=SXsVWpN8e1A&list=PLT1F2nOxLHOcmi_qi1BbY6axf5xLFEcit&index=56,0.00,,Back to 3000,Danya,,,,
56,2,,B,4 Knights,,16.20,,Back to 3000,Danya,,,,
56,3,,B,Alekhine,,34.00,,Back to 3000,Danya,,,,
57,1,2198,W,London,https://www.youtube.com/watch?v=HDSMjuNWNQk&list=PLT1F2nOxLHOcmi_qi1BbY6axf5xLFEcit&index=57,0.00,,Back to 3000,Danya,,,,
58,1,2210,W,Scandinavian,https://www.youtube.com/watch?v=26ZXZEiudhA&list=PLT1F2nOxLHOcmi_qi1BbY6axf5xLFEcit&index=58,0.00,,Back to 3000,Danya,,,,
58,2,,B,Modern,,16.00,,Back to 3000,Danya,,,,
59,1,2224,B,English,https://www.youtube.com/watch?v=xQ-L0aZ24FA&list=PLT1F2nOxLHOcmi_qi1BbY6axf5xLFEcit&index=59,0.00,,Back to 3000,Danya,,,,
59,2,,B,King's Indian,,11.00,,Back to 3000,Danya,,,,
60,1,2242,W,Modern,https://www.youtube.com/watch?v=NQYFSC5TCnE&list=PLT1F2nOxLHOcmi_qi1BbY6axf5xLFEcit&index=60,0.00,,Back to 3000,Danya,,,,
61,1,2252,B,French,https://www.youtube.com/watch?v=n64LCdoBzaU&list=PLT1F2nOxLHOcmi_qi1BbY6axf5xLFEcit&index=61,0.00,,Back to 3000,Danya,,,,
61,2,,W,Jobava London,,18.56,,Back to 3000,Danya,,,,
62,1,2265,W,Modern,https://www.youtube.com/watch?v=6BHS8KMqLkU&list=PLT1F2nOxLHOcmi_qi1BbY6axf5xLFEcit&index=62,0.00,,Back to 3000,Danya,,,,
63,1,2275,B,King's Indian,https://www.youtube.com/watch?v=dJYcXok1_wQ&list=PLT1F2nOxLHOcmi_qi1BbY6axf5xLFEcit&index=63,0.00,,Back to 3000,Danya,,,,
63,2,,W,Caro Kann,,10.30,,Back to 3000,Danya,,,,
63,3,,B,Sicilian Rossolimo,,22.45,,Back to 3000,Danya,,,,
64,1,2307,W,Jobava london,https://www.youtube.com/watch?v=SDIQje8v5SY&list=PLT1F2nOxLHOcmi_qi1BbY6axf5xLFEcit&index=64,0.00,,Back to 3000,Danya,,,,
64,2,,B,Accelerated Dragon,,20.00,,Back to 3000,Danya,,,,
65,1,2315,B,Nimzo-Larsen,https://www.youtube.com/watch?v=kqgaZ8Tfhyk&list=PLT1F2nOxLHOcmi_qi1BbY6axf5xLFEcit&index=65,0.00,,Back to 3000,Danya,,,,
65,2,,B,Chigorin,,20.00,,Back to 3000,Danya,,,,
66,1,2321,W,Alapin Sicilian,https://www.youtube.com/watch?v=7Tueff34xjA&list=PLT1F2nOxLHOcmi_qi1BbY6axf5xLFEcit&index=66,0.00,,Back to 3000,Danya,,,,
66,2,,W,Ruy Lopez,,13.00,,Back to 3000,Danya,,,,
67,1,2338,B,Ruy Lopez,,0.00,,Back to 3000,Danya,,,,
68,1,2350,W,Alapin Sicilian,https://www.youtube.com/watch?v=fg3i2Yl_vqQ&,0.00,,Back to 3000,Danya,,,,
69,1,2350,W,French,https://www.youtube.com/watch?v=ndNfx0HHcLk&list=PLT1F2nOxLHOcmi_qi1BbY6axf5xLFEcit&index=69,0.00,,Back to 3000,Danya,,,,
69,2,,W,Ruy Lopez,,15.00,,Back to 3000,Danya,,,,
70,1,,W,Scandinavian,https://www.youtube.com/watch?v=s3ea8V8twrY&list=PLT1F2nOxLHOcmi_qi1BbY6axf5xLFEcit&index=70,0.00,,Back to 3000,Danya,,,,
70,2,,W,Petrov,,14.50,,Back to 3000,Danya,,,,
71,1,2390,B,Accelerated Dragon,https://www.youtube.com/watch?v=S-PGKHRQM5o&list=PLT1F2nOxLHOcmi_qi1BbY6axf5xLFEcit&index=71,0.00,,Back to 3000,Danya,,,,
71,2,,W,Open Sicilian / Taimonov,,11.45,,Back to 3000,Danya,,,,
1,1,1100,B,Accelerated Dragon,https://www.youtube.com/watch?v=R2skmBe07aQ&list=PLT1F2nOxLHOfQ-eoJTpyvKkQFwYewDduj&index=1,0.00,,Beginner to Master,Danya,,,,
1,2,,W,Caro Kann,,15.25,,Beginner to Master,Danya,,,,
2,1,1400,W,Ruy Lopez,https://www.youtube.com/watch?v=RUYbO35XVCE&list=PLT1F2nOxLHOfQ-eoJTpyvKkQFwYewDduj&index=2,0.00,,Beginner to Master,Danya,,,,
3,1,1420,B,Evans Gambit,https://www.youtube.com/watch?v=wn7jKtpg2dg&list=PLT1F2nOxLHOfQ-eoJTpyvKkQFwYewDduj&index=3,0.00,,Beginner to Master,Danya,,,,
3,2,,W,French Defense,,26.00,,Beginner to Master,Danya,,,,
4,1,1440,B,Sicilian,https://www.youtube.com/watch?v=Vy6j7N_Wh0o&list=PLT1F2nOxLHOfQ-eoJTpyvKkQFwYewDduj&index=5,0.00,,Beginner to Master,Danya,,,,
4,2,,B,King's Indian,,23.05,,Beginner to Master,Danya,,,,
5,1,1500,W,Italian,https://www.youtube.com/watch?v=n5BL4u1QpfY&list=PLT1F2nOxLHOfQ-eoJTpyvKkQFwYewDduj&index=6,0.00,,Beginner to Master,Danya,,,,
5,2,,W,Alapin Sicilian,,7.25,,Beginner to Master,Danya,,,,
6,1,1590,B,Exchange Caro Kann,https://www.youtube.com/watch?v=HF8cvN3ZKtU&list=PLT1F2nOxLHOfQ-eoJTpyvKkQFwYewDduj,0.00,,Beginner to Master,Danya,,,,
7,1,1600,B,Exchange Caro Kann,https://www.youtube.com/watch?v=vosZEy6YML0&list=PLT1F2nOxLHOfQ-eoJTpyvKkQFwYewDduj&index=8,0.00,,Beginner to Master,Danya,,,,
8,1,1620,B,King's Indian,https://www.youtube.com/watch?v=d-MNpi_zPr0&list=PLT1F2nOxLHOfQ-eoJTpyvKkQFwYewDduj&index=8,0.00,,Beginner to Master,Danya,,,,
8,2,,W,Open Sicilian,,29.45,,Beginner to Master,Danya,,,,
9,1,1461,B,Najdorf,https://www.youtube.com/watch?v=uJCgrG90u8A&list=PLT1F2nOxLHOfQ-eoJTpyvKkQFwYewDduj&index=9,0.00,,Beginner to Master,Danya,,,,
10,1,1590,B,King's Indian,https://www.youtube.com/watch?v=-PSQS88VdZU&list=PLT1F2nOxLHOfQ-eoJTpyvKkQFwYewDduj&index=10,0.00,,Beginner to Master,Danya,,,,
10,2,1600,W,Scotch Gambit,,17.30,,Beginner to Master,Danya,,,,
11,1,1651,B,Sicilian,https://www.youtube.com/watch?v=VBxmm4zzC1g&list=PLT1F2nOxLHOfQ-eoJTpyvKkQFwYewDduj&index=11,0.00,,Beginner to Master,Danya,,,,
12,1,1733,W,King's Gambit,https://www.youtube.com/watch?v=8QxDmN_BMaU&list=PLT1F2nOxLHOfQ-eoJTpyvKkQFwYewDduj&index=12,0.00,,Beginner to Master,Danya,,,,
13,1,1751,B,Najdorf,https://www.youtube.com/watch?v=0npOMfkAlVU&list=PLT1F2nOxLHOfQ-eoJTpyvKkQFwYewDduj&index=13,0.00,,Beginner to Master,Danya,,,,
13,2,1763,B,Italian,,30.30,,Beginner to Master,Danya,,,,
14,1,1764,W,Scotch,https://www.youtube.com/watch?v=OE2pJpVVzYw&list=PLT1F2nOxLHOfQ-eoJTpyvKkQFwYewDduj&index=14,0.00,,Beginner to Master,Danya,,,,
15,1,1770,W,French,https://www.youtube.com/watch?v=8O4UG9NtUoM&list=PLT1F2nOxLHOfQ-eoJTpyvKkQFwYewDduj&index=15,0.00,,Beginner to Master,Danya,,,,
16,1,1779,B,Najdorf,https://www.youtube.com/watch?v=fhDxUI-t2v4&list=PLT1F2nOxLHOfQ-eoJTpyvKkQFwYewDduj&index=16,0.00,,Beginner to Master,Danya,,,,
17,1,1825,B,King's Indian,https://www.youtube.com/watch?v=ciTwGjksQWs&list=PLT1F2nOxLHOfQ-eoJTpyvKkQFwYewDduj&index=17,0.00,,Beginner to Master,Danya,,,,
18,1,1900,B,Accelerated Dragon,https://www.youtube.com/watch?v=lpHT3_yF4WQ&list=PLT1F2nOxLHOfQ-eoJTpyvKkQFwYewDduj&index=18,0.00,,Beginner to Master,Danya,,,,
19,1,1919,W,Modern,https://www.youtube.com/watch?v=25w0mYsx_Lk&list=PLT1F2nOxLHOfQ-eoJTpyvKkQFwYewDduj&index=19,0.00,,Beginner to Master,Danya,,,,
20,1,1919,W,King's Indian Samisch,https://www.youtube.com/watch?v=VOQ7DlsATuc&list=PLT1F2nOxLHOfQ-eoJTpyvKkQFwYewDduj&index=20,0.00,,Beginner to Master,Danya,,,,
1,1,400,B,1. e5 a3,https://www.youtube.com/watch?v=0WPNVHZmYE8&list=PLT1F2nOxLHOefj_z54LNBpnASnIROm43e&index=1,0.00,,Masterclass,Danya,,,,
2,1,465,W,Danish Gambit Declined,https://www.youtube.com/watch?v=BGTBTghFQDI&list=PLT1F2nOxLHOefj_z54LNBpnASnIROm43e&index=2,0.00,,Masterclass,Danya,,,,
3,1,531,W,Danish Gambit Declined,https://www.youtube.com/watch?v=tgyq7_g2wV0&list=PLT1F2nOxLHOefj_z54LNBpnASnIROm43e&index=3,0.00,,Masterclass,Danya,,,,
4,1,578,W,Danish Gambit Declined,https://www.youtube.com/watch?v=kvpSIPdCvmw&list=PLT1F2nOxLHOefj_z54LNBpnASnIROm43e&index=4,0.00,,Masterclass,Danya,,,,
5,1,666,B,1. e5 e3,https://www.youtube.com/watch?v=LJa5Df75CJI&list=PLT1F2nOxLHOefj_z54LNBpnASnIROm43e&index=5,2.00,,Masterclass,Danya,,,,
6,1,744,W,Philidor,https://www.youtube.com/watch?v=NnQmNvrOmCI&list=PLT1F2nOxLHOefj_z54LNBpnASnIROm43e&index=6,0.00,,Masterclass,Danya,,,,
7,1,754,B,1. d4 d5 2. g3,https://www.youtube.com/watch?v=-9fPYlSEkJ0&list=PLT1F2nOxLHOefj_z54LNBpnASnIROm43e&index=7,0.00,,Masterclass,Danya,,,,
8,1,867,W,Danish Gambit Declined,https://www.youtube.com/watch?v=iXZDALKuDEc&list=PLT1F2nOxLHOefj_z54LNBpnASnIROm43e&index=8,0.00,,Masterclass,Danya,,,,
9,1,889,B,Blackmar-Diemer Gambit,https://www.youtube.com/watch?v=KAH-POAsnyE&list=PLT1F2nOxLHOefj_z54LNBpnASnIROm43e&index=9,0.00,,Masterclass,Danya,,,,
10,1,924,B,Caro Kann,https://www.youtube.com/watch?v=UXWYC8k7Gas&list=PLT1F2nOxLHOefj_z54LNBpnASnIROm43e&index=10,0.00,,Masterclass,Danya,,,,
10,2,943,W,Danish Gambit Declined,https://www.youtube.com/watch?v=UXWYC8k7Gas&list=PLT1F2nOxLHOefj_z54LNBpnASnIROm43e&index=10,19.15,,Masterclass,Danya,,,,
11,1,963,W,Smith-Morra Declined,https://www.youtube.com/watch?v=e4sg69QooO0&list=PLT1F2nOxLHOefj_z54LNBpnASnIROm43e&index=11,0.00,,Masterclass,Danya,,,,
11,2,983,B,Caro Kann,,13.13,,Masterclass,Danya,,,,
12,1,995,W,Danish Gambit Declined,https://www.youtube.com/watch?v=IloLuuXW7lE&list=PLT1F2nOxLHOefj_z54LNBpnASnIROm43e&index=12,0.00,,Masterclass,Danya,,,,
12,2,1007,B,Caro Kann,https://www.youtube.com/watch?v=IloLuuXW7lE&list=PLT1F2nOxLHOefj_z54LNBpnASnIROm43e&index=12,16.30,,Masterclass,Danya,,,,
13,1,1025,W,Danish Gambit Declined,https://www.youtube.com/watch?v=ltHf6dLgdLo&list=PLT1F2nOxLHOefj_z54LNBpnASnIROm43e&index=13,0.00,,Masterclass,Danya,,,,
14,1,1040,B,Alekhine / Scandi,https://www.youtube.com/watch?v=br2ThhGdJXU&list=PLT1F2nOxLHOefj_z54LNBpnASnIROm43e&index=14,0.00,,Masterclass,Danya,,,,
14,2,1054,B,Alekhine,,15.20,,Masterclass,Danya,,,,
15,1,1078,B,Advance Caro,https://www.youtube.com/watch?v=4GIsh7cTsHc&list=PLT1F2nOxLHOefj_z54LNBpnASnIROm43e&index=15,0.00,,Masterclass,Danya,,,,
16,1,1089,W,Danish Gambit Declined,https://www.youtube.com/watch?v=cmJbc_BzTp8&list=PLT1F2nOxLHOefj_z54LNBpnASnIROm43e&index=16,0.00,,Masterclass,Danya,,,,
16,2,1102,W,Danish Gambit Declined,,2.30,,Masterclass,Danya,,,,
16,3,1113,B,Nimzo Indian,,6.09,,Masterclass,Danya,,,,
16,4,1125,B,Advance Caro,,16.52,,Masterclass,Danya,,,,
17,1,1138,W,Danish Gambit Accepted,https://www.youtube.com/watch?v=RSZfxqk9wNc&list=PLT1F2nOxLHOefj_z54LNBpnASnIROm43e&index=17,0.00,,Masterclass,Danya,,,,
17,2,1151,W,Fantasy Caro Kann,,17.00,,Masterclass,Danya,,,,
18,1,1151,W,Modern/Hippo,https://www.youtube.com/watch?v=ADPy7sCbiUU&list=PLT1F2nOxLHOefj_z54LNBpnASnIROm43e&index=18,0.00,,Masterclass,Danya,,,,
18,2,1158,B,Advance Caro,,8.55,,Masterclass,Danya,,,,
19,1,1171,B,Advance Caro,https://www.youtube.com/watch?v=kO4qTTR0B7o&list=PLT1F2nOxLHOefj_z54LNBpnASnIROm43e&index=19,0.00,,Masterclass,Danya,,,,
19,2,1183,B,Exchange Caro Kann,,10.25,,Masterclass,Danya,,,,
20,1,1191,W,Queen's Gambit Accepted,https://www.youtube.com/watch?v=utcO6odBZIg&list=PLT1F2nOxLHOefj_z54LNBpnASnIROm43e&index=20,0.00,,Masterclass,Danya,,,,
20,2,1202,B,Caro Kann,,13.45,,Masterclass,Danya,,,,
20,3,1213,W,Advance French,,21.27,,Masterclass,Danya,,,,
21,1,1250,W,Danish Gambit Declined,https://www.youtube.com/watch?v=xeoof3v45mk&list=PLT1F2nOxLHOefj_z54LNBpnASnIROm43e&index=21,0.00,,Masterclass,Danya,,,,
22,1,1261,W,Caro Kann / Panov Attack,https://www.youtube.com/watch?v=KV90PAgPO2A&list=PLT1F2nOxLHOefj_z54LNBpnASnIROm43e&index=22,0.00,,Masterclass,Danya,,,,
23,1,1269,B,Alekhine,https://www.youtube.com/watch?v=OQsa_sdKzjY&list=PLT1F2nOxLHOefj_z54LNBpnASnIROm43e&index=23,0.00,,Masterclass,Danya,,,,
24,1,1281,B,Lisitsin Gambit,https://www.youtube.com/watch?v=x-TMzSM51Cw&list=PLT1F2nOxLHOefj_z54LNBpnASnIROm43e&index=24,0.00,,Masterclass,Danya,,,,
24,2,1289,W,Scotch Gambit,,20.15,,Masterclass,Danya,,,,
25,1,1298,W,Philidor,https://www.youtube.com/watch?v=xp727Z8dXZc&list=PLT1F2nOxLHOefj_z54LNBpnASnIROm43e&index=25,0.00,,Masterclass,Danya,,,,
25,2,1307,B,Advance Caro,,9.00,,Masterclass,Danya,,,,
26,1,1317,W,Smith-Morra Accepted,https://www.youtube.com/watch?v=Lkxw7bVvnHs&list=PLT1F2nOxLHOefj_z54LNBpnASnIROm43e&index=26,0.00,,Masterclass,Danya,,,,
26,2,1323,B,1. d4 ... 3. g3,,10.25,,Masterclass,Danya,,,,
27,1,1332,W,Danish Gambit Accepted,https://www.youtube.com/watch?v=dowe5Oy7u_Y&list=PLT1F2nOxLHOefj_z54LNBpnASnIROm43e&index=27,0.00,,Masterclass,Danya,,,,
28,1,1343,B,Advance Caro,https://www.youtube.com/watch?v=jPhLlZ4_c1A&list=PLT1F2nOxLHOefj_z54LNBpnASnIROm43e&index=28,0.00,,Masterclass,Danya,,,,
28,2,1358,W,Nimzo-Larsen,,7.25,,Masterclass,Danya,,,,
29,1,1360,B,Smith-Morra Declined,https://www.youtube.com/watch?v=_Y-iXy9b4Ew&list=PLT1F2nOxLHOefj_z54LNBpnASnIROm43e&index=29,0.00,,Masterclass,Danya,,,,
30,1,1379,B,Sicilian,https://www.youtube.com/watch?v=f5V0W6btKdY&list=PLT1F2nOxLHOefj_z54LNBpnASnIROm43e&index=30,0.00,,Masterclass,Danya,,,,
31,1,1385,W,Bad King's Indian,https://www.youtube.com/watch?v=yXliDC1I0U0&list=PLT1F2nOxLHOefj_z54LNBpnASnIROm43e&index=31,0.00,,Masterclass,Danya,,,,
32,1,1434,B,Sicilian,https://www.youtube.com/watch?v=CZC9BI_joNU&list=PLT1F2nOxLHOefj_z54LNBpnASnIROm43e&index=32,0.00,,Masterclass,Danya,,,,
32,2,1442,W,1. e4 Nc6,,9.00,,Masterclass,Danya,1. e4 Nc6,,,
33,1,1452,B,Queen's Indian,https://www.youtube.com/watch?v=kudYuwgjAeY&list=PLT1F2nOxLHOefj_z54LNBpnASnIROm43e&index=33,0.00,,Masterclass,Danya,,,,
34,1,1497,W,Open Sicilian,https://www.youtube.com/watch?v=ihv2TK04WPg&list=PLT1F2nOxLHOefj_z54LNBpnASnIROm43e&index=34,0.00,,Masterclass,Danya,,,,
35,1,1505,B,Accelerated Dragon,https://www.youtube.com/watch?v=qfiO5HGBWWc&list=PLT1F2nOxLHOefj_z54LNBpnASnIROm43e&index=35,0.00,,Masterclass,Danya,,,,
36,1,1512,W,Nimzo-Larsen,https://www.youtube.com/watch?v=c6s0bKN5y4E&list=PLT1F2nOxLHOefj_z54LNBpnASnIROm43e&index=37,0.00,,Masterclass,Danya,,,,
37,1,1520,W,Open Sicilian,https://www.youtube.com/watch?v=Cjxk_qrmeMY&list=PLT1F2nOxLHOefj_z54LNBpnASnIROm43e&index=37,0.00,,Masterclass,Danya,,,,
37,2,,B,Grunfeld,,,,Masterclass,Danya,,,,
38,1,1533,W,Sicilian,https://www.youtube.com/watch?v=mIzJ3LYZvKw&list=PLT1F2nOxLHOefj_z54LNBpnASnIROm43e&index=38,0.00,,Masterclass,Danya,,,,
39,1,1564,W,[bishop sac],https://www.youtube.com/watch?v=Gti01VN0zXA&list=PLT1F2nOxLHOefj_z54LNBpnASnIROm43e&index=39,0.00,,Masterclass,Danya,,,,
40,1,1572,B,Scotch Gambit,https://www.youtube.com/watch?v=Y-a6cV08zDM&list=PLT1F2nOxLHOefj_z54LNBpnASnIROm43e&index=40,0.00,,Masterclass,Danya,,,,
41,1,1580,W,Vienna Gambit,https://www.youtube.com/watch?v=V4lW-6f56Cg&list=PLT1F2nOxLHOefj_z54LNBpnASnIROm43e&index=41,0.00,,Masterclass,Danya,,,,
42,1,1589,B,Scandinavian,https://www.youtube.com/watch?v=u1ZSMsWIfBM&list=PLT1F2nOxLHOefj_z54LNBpnASnIROm43e&index=42,0.00,,Masterclass,Danya,,,,
43,1,1590,W,Rossolimo Sicilian,https://www.youtube.com/watch?v=k9lpwbZ1Cyw,0.00,,Masterclass,Danya,,,,
43,2,,W,Vienna Gambit,,,,Masterclass,Danya,,,,
44,1,1613,W,French Defense / King's Indian Attack,https://www.youtube.com/watch?v=knRe3EsANdg&list=PLT1F2nOxLHOefj_z54LNBpnASnIROm43e&index=44,0.00,,Masterclass,Danya,,,,
45,1,1620,B,Caro Kann,https://www.youtube.com/watch?v=fz9td9L2uIo&list=PLT1F2nOxLHOefj_z54LNBpnASnIROm43e&index=45,0.00,,Masterclass,Danya,,,,
46,1,1628,B,Exchange Caro Kann,https://www.youtube.com/watch?v=rkoC8ZlqOII&list=PLT1F2nOxLHOefj_z54LNBpnASnIROm43e&index=46,0.00,,Masterclass,Danya,,,,
47,1,1636,W,Danish Gambit Accepted,https://www.youtube.com/watch?v=pipfrQRET80&list=PLT1F2nOxLHOefj_z54LNBpnASnIROm43e&index=47,0.00,,Masterclass,Danya,,,,
48,1,1643,W,Owen's Defense,https://www.youtube.com/watch?v=2fYsaiS_NS4&list=PLT1F2nOxLHOefj_z54LNBpnASnIROm43e&index=48,0.00,,Masterclass,Danya,,,,
49,1,1650,B,Caro Kann Tartakauer,https://www.youtube.com/watch?v=cPVp5TWZR0w&list=PLT1F2nOxLHOefj_z54LNBpnASnIROm43e&index=49,0.00,,Masterclass,Danya,,,,
50,1,1690,B,Caro Kann,https://www.youtube.com/watch?v=iuLI_EUlgvE&list=PLT1F2nOxLHOefj_z54LNBpnASnIROm43e&index=50,0.00,,Masterclass,Danya,,,,
51,1,1697,W,Smith-Morra Accepted,https://www.youtube.com/watch?v=OMpuTbOzyoc&list=PLT1F2nOxLHOefj_z54LNBpnASnIROm43e&index=51,0.00,,Masterclass,Danya,,,,
52,1,1705,W,Fantasy Caro Kann,https://www.youtube.com/watch?v=gyOxMMJWiYg&list=PLT1F2nOxLHOefj_z54LNBpnASnIROm43e&index=52,0.00,,Masterclass,Danya,,,,
53,1,1714,W,Danish Gambit Declined,https://www.youtube.com/watch?v=DqBi8Zt412s&list=PLT1F2nOxLHOefj_z54LNBpnASnIROm43e&index=53,0.00,,Masterclass,Danya,,,,
54,1,1721,B,Elephant Gambit,https://www.youtube.com/watch?v=DCBwXvH3kH4&list=PLT1F2nOxLHOefj_z54LNBpnASnIROm43e&index=54,0.00,,Masterclass,Danya,,,,
55,1,1736,W,King's Indian,https://www.youtube.com/watch?v=2Mys0GRUgM4,0.00,,Masterclass,Danya,,,,
56,1,1753,B,English,https://www.youtube.com/watch?v=ye0OP1Bu_hs,0.00,,Masterclass,Danya,,,,
57,1,1762,W,1. d4 e6,https://www.youtube.com/watch?v=5o8LUjvHFZA,0.00,,Masterclass,Danya,1. d4 e6,,,
58,1,1769,B,London,https://www.youtube.com/watch?v=lyUZn39V6TY,0.00,,Masterclass,Danya,,,,
59,1,1778,B,Veresov,https://www.youtube.com/watch?v=o17K4WiESWQ,0.00,,Masterclass,Danya,,,,
59,2,,W,Benoni,,,,Masterclass,Danya,,,,
60,1,1783,B,London,https://www.youtube.com/watch?v=TSM7CFcJ1L0,0.00,,Masterclass,Danya,,,,
61,1,1793,W,Vienna Gambit,https://www.youtube.com/watch?v=YgMVGhponbU,0.00,,Masterclass,Danya,,,,
62,1,1806,B,Stafford,https://www.youtube.com/watch?v=8urm2D1HhX8&list=PLT1F2nOxLHOefj_z54LNBpnASnIROm43e&index=62,0.00,,Masterclass,Danya,,,,
62,2,1815,W,Bongcloud,,,,Masterclass,Danya,,,,
63,1,1826,B,Alapin Sicilian,https://www.youtube.com/watch?v=0fb75Z-i03A&list=PLT1F2nOxLHOefj_z54LNBpnASnIROm43e&index=63,0.00,,Masterclass,Danya,,,,
64,1,1831,W,Grunfeld,https://www.youtube.com/watch?v=Di-5aO2lddU,0.00,,Masterclass,Danya,,,,
65,1,1840,W,King's Indian,https://www.youtube.com/watch?v=B0AdPztLsHs&list=PLT1F2nOxLHOefj_z54LNBpnASnIROm43e&index=65,0.00,,Masterclass,Danya,,,,
66,1,1847,B,3 Knights,https://www.youtube.com/watch?v=DO28z1MTaC8&list=PLT1F2nOxLHOefj_z54LNBpnASnIROm43e&index=66,0.00,,Masterclass,Danya,,,,
67,1,1855,B,3 Knights,https://www.youtube.com/watch?v=_4xbS0Crtic&list=PLT1F2nOxLHOefj_z54LNBpnASnIROm43e&index=67,0.00,,Masterclass,Danya,,,,
68,1,1255,W,Fantasy Caro Kann,https://www.youtube.com/watch?v=mCzuNeWLYBs&list=PLT1F2nOxLHOefj_z54LNBpnASnIROm43e&index=68,0.00,,Masterclass,Danya,,,,
69,1,1864,W,1. d4 b5,https://www.youtube.com/watch?v=S-ZY3NtFO20&list=PLT1F2nOxLHOefj_z54LNBpnASnIROm43e&index=69,0.00,,Masterclass,Danya,1. d4 b5,,,
70,1,1881,W,Scandinavian,https://www.youtube.com/watch?v=_j8aiuqS4_0&list=PLT1F2nOxLHOefj_z54LNBpnASnIROm43e&index=70,0.00,,Masterclass,Danya,,,,
71,1,1888,B,Modern,https://www.youtube.com/watch?v=YQhpedRR2Y4&list=PLT1F2nOxLHOefj_z54LNBpnASnIROm43e&index=71,0.00,,Masterclass,Danya,,,,
72,1,,W,Englund Gambit,https://www.youtube.com/watch?v=hv0P9kotpJw&list=PLT1F2nOxLHOefj_z54LNBpnASnIROm43e&index=72,0.00,,Masterclass,Danya,,,,
73,1,,B,King's Gambit,https://www.youtube.com/watch?v=TPTu9YuBMwU&list=PLT1F2nOxLHOefj_z54LNBpnASnIROm43e&index=73,0.00,,Masterclass,Danya,,,,
74,1,1910,B,London / King's Indian,https://www.youtube.com/watch?v=Ap793xYua4w&list=PLT1F2nOxLHOefj_z54LNBpnASnIROm43e,0.00,,Masterclass,Danya,,,,
75,1,1917,W,Alekhine,https://www.youtube.com/watch?v=Nd2NeAbF3k8&list=PLT1F2nOxLHOefj_z54LNBpnASnIROm43e&index=75,0.00,,Masterclass,Danya,,,,
76,1,1926,B,Budapest Gambit,https://www.youtube.com/watch?v=iLiE-uWRfBc&list=PLT1F2nOxLHOefj_z54LNBpnASnIROm43e&index=76,0.00,,Masterclass,Danya,,,,
77,1,2087,B,Ruy Lopez/ Marshall,https://www.youtube.com/watch?v=TNaKFN65B5o&list=PLT1F2nOxLHOefj_z54LNBpnASnIROm43e&index=78,0.00,,Masterclass,Danya,,,,
78,1,2094,W,Alekhine / 4 Pawns,https://www.youtube.com/watch?v=1rcEbI44WqE&list=PLT1F2nOxLHOefj_z54LNBpnASnIROm43e&index=78,0.00,,Masterclass,Danya,,,,
79,1,2102,B,Grunfeld,https://www.youtube.com/watch?v=l6IwRWbovRU&list=PLT1F2nOxLHOefj_z54LNBpnASnIROm43e&index=79,0.00,,Masterclass,Danya,,,,
80,1,2120,B,Nimzowich Sicilian,https://www.youtube.com/watch?v=kVIQEb0fOPg&list=PLT1F2nOxLHOefj_z54LNBpnASnIROm43e&index=80,0.00,,Masterclass,Danya,,,,
81,1,2130,W,French Defense / King's Indian Attack,https://www.youtube.com/watch?v=QUk_oflYX0M&list=PLT1F2nOxLHOefj_z54LNBpnASnIROm43e&index=81,0.00,,Masterclass,Danya,,,,
82,1,1000,W,Queen's Gambit Accepted,https://www.youtube.com/watch?v=hX6W4X_CqkA&list=PLT1F2nOxLHOefj_z54LNBpnASnIROm43e&index=82,0.00,,Masterclass,Danya,,,,
83,1,2137,W,French,https://www.youtube.com/watch?v=-Am8glebGwQ&list=PLT1F2nOxLHOefj_z54LNBpnASnIROm43e&index=83,0.00,,Masterclass,Danya,,,,
84,1,2137,B,Chigorin,https://www.youtube.com/watch?v=TyzvlcfCUDg&list=PLT1F2nOxLHOefj_z54LNBpnASnIROm43e&index=84,0.00,,Masterclass,Danya,,,,
84,2,1394,B,Baltic,,,,Masterclass,Danya,,,,
85,1,2150,B,Accelerated Dragon,https://www.youtube.com/watch?v=kYbh2NTFsS8&list=PLT1F2nOxLHOefj_z54LNBpnASnIROm43e&index=85,0.00,,Masterclass,Danya,,,,
86,1,2160,W,Nimzo-Larsen,https://www.youtube.com/watch?v=MWMloBpKuVg&list=PLT1F2nOxLHOefj_z54LNBpnASnIROm43e&index=86,0.00,,Masterclass,Danya,,,,
87,1,2170,B,Colle System,https://www.youtube.com/watch?v=4e6zHMBUgvg&list=PLT1F2nOxLHOefj_z54LNBpnASnIROm43e&index=87,0.00,,Masterclass,Danya,,,,
88,1,2180,W,Modern,https://www.youtube.com/watch?v=iCtRgphJ3_8&list=PLT1F2nOxLHOefj_z54LNBpnASnIROm43e&index=88,0.00,,Masterclass,Danya,,,,
89,1,2190,B,Alapin Sicilian,https://www.youtube.com/watch?v=C14ui8o_esM&list=PLT1F2nOxLHOefj_z54LNBpnASnIROm43e&index=89,0.00,,Masterclass,Danya,,,,
90,1,2195,B,Caro Kann,https://www.youtube.com/watch?v=K8QMjqu0_MY&list=PLT1F2nOxLHOefj_z54LNBpnASnIROm43e&index=90,0.00,,Masterclass,Danya,,,,
91,1,2190,W,French Defense,https://www.youtube.com/watch?v=bRMHNmDMLqw&list=PLT1F2nOxLHOefj_z54LNBpnASnIROm43e&index=91,0.00,,Masterclass,Danya,,,,
92,1,2197,W,French Defense,https://www.youtube.com/watch?v=FozbGMUOOjs&list=PLT1F2nOxLHOefj_z54LNBpnASnIROm43e&index=92,0.00,,Masterclass,Danya,,,,
1,1,700,W,1.e4 ... 2. ... Qf6,https://www.youtube.com/watch?v=sfjI4jEY58s&list=PLT1F2nOxLHOeyyw85utYJpWtSmxvA-2WR&index=1,0.00,,Sensei,Danya,,,,
2,1,744,B,Italian,https://www.youtube.com/watch?v=MvaAX4pTvYU&list=PLT1F2nOxLHOeyyw85utYJpWtSmxvA-2WR&index=2,0.00,,Sensei,Danya,,,,
3,1,796,W,QGD,https://www.youtube.com/watch?v=HAMhInc37gI&list=PLT1F2nOxLHOeyyw85utYJpWtSmxvA-2WR&index=3,0.00,,Sensei,Danya,,,,
4,1,931,B,Italian,https://www.youtube.com/watch?v=1671V8LrEwk&list=PLT1F2nOxLHOeyyw85utYJpWtSmxvA-2WR&index=4,0.00,,Sensei,Danya,,,,
5,1,1000,W,Scotch,https://www.youtube.com/watch?v=vzR7wHdNuOU&list=PLT1F2nOxLHOeyyw85utYJpWtSmxvA-2WR&index=5,0.00,,Sensei,Danya,,,,
6,1,1017,W,4 Knights Scotch,https://www.youtube.com/watch?v=vMY6Wr3niUg&list=PLT1F2nOxLHOeyyw85utYJpWtSmxvA-2WR&index=6,0.00,,Sensei,Danya,,,,
7,1,1000,W,Alapin,https://www.youtube.com/watch?v=uJro3yCDEgk&list=PLT1F2nOxLHOeyyw85utYJpWtSmxvA-2WR&index=7,0.00,,Sensei,Danya,,,,
8,1,1092,B,QGD / Colle,https://www.youtube.com/watch?v=k9EmWn_MvQc&list=PLT1F2nOxLHOeyyw85utYJpWtSmxvA-2WR&index=8,0.00,,Sensei,Danya,,,,
9,1,1112,W,Modern / Advance French,https://www.youtube.com/watch?v=Qkv7D-BGAt4&list=PLT1F2nOxLHOeyyw85utYJpWtSmxvA-2WR&index=9,0.00,,Sensei,Danya,,,,
10,1,1130,B,QGD,https://www.youtube.com/watch?v=lLkqjBOGgek&list=PLT1F2nOxLHOeyyw85utYJpWtSmxvA-2WR&index=10,0.00,,Sensei,Danya,,,,
11,1,1180,B,London,https://www.youtube.com/watch?v=wrk4e6bGi1Y&list=PLT1F2nOxLHOeyyw85utYJpWtSmxvA-2WR&index=12,0.00,,Sensei,Danya,,,,
11,2,,W,Alapin,,11.45,,Sensei,Danya,,,,
12,1,1210,B,Ponziani,https://www.youtube.com/watch?v=iZyf2oBcR9Q&list=PLT1F2nOxLHOeyyw85utYJpWtSmxvA-2WR&index=12,0.00,,Sensei,Danya,,,,
13,1,1234,B,Hippo,https://www.youtube.com/watch?v=4Y88u0Qjd5s&list=PLT1F2nOxLHOeyyw85utYJpWtSmxvA-2WR&index=13,0.00,,Sensei,Danya,,,,
14,1,1251,W,Scandinavian,https://www.youtube.com/watch?v=BzN6MEleBlQ&list=PLT1F2nOxLHOeyyw85utYJpWtSmxvA-2WR&index=14,0.00,,Sensei,Danya,,,,
15,1,1279,W,Sicilian Drazic,https://www.youtube.com/watch?v=gcx89fY8nZQ&list=PLT1F2nOxLHOeyyw85utYJpWtSmxvA-2WR&index=15,0.00,,Sensei,Danya,,,,
16,1,1294,B,Italian,https://www.youtube.com/watch?v=Qewug63GIqc&list=PLT1F2nOxLHOeyyw85utYJpWtSmxvA-2WR&index=16,0.00,,Sensei,Danya,,,,
17,1,1308,W,Alapin,https://www.youtube.com/watch?v=o29kg7LLAVg&list=PLT1F2nOxLHOeyyw85utYJpWtSmxvA-2WR&index=17,0.00,,Sensei,Danya,,,,
18,1,1330,B,Ruy Lopez,https://www.youtube.com/watch?v=KwbAHRLJ1RY&list=PLT1F2nOxLHOeyyw85utYJpWtSmxvA-2WR&index=18,0.00,,Sensei,Danya,,,,
19,1,1330,W,Philidor,https://www.youtube.com/watch?v=IMBSR0A9nJs&list=PLT1F2nOxLHOeyyw85utYJpWtSmxvA-2WR&index=19,0.00,,Sensei,Danya,,,,
20,1,1347,,1. e4 2. Bishop Sac,https://www.youtube.com/watch?v=u6uLgifbn5I&list=PLT1F2nOxLHOeyyw85utYJpWtSmxvA-2WR&index=20,0.00,,Sensei,Danya,,,,
21,1,1358,B,Scotch Gambit,https://www.youtube.com/watch?v=NqtT3roFaBs&list=PLT1F2nOxLHOeyyw85utYJpWtSmxvA-2WR&index=21,0.00,,Sensei,Danya,,,,
22,1,1375,B,1. e3,https://www.youtube.com/watch?v=YFoByIzKGUk&list=PLT1F2nOxLHOeyyw85utYJpWtSmxvA-2WR&index=23,0.00,,Sensei,Danya,,,,
23,1,1386,W,Alapin,https://www.youtube.com/watch?v=cKeN_oR3VEA&list=PLT1F2nOxLHOeyyw85utYJpWtSmxvA-2WR&index=23,0.00,,Sensei,Danya,,,,
24,1,1397,B,King's Gambit,https://www.youtube.com/watch?v=hBzXn8Kdaao&list=PLT1F2nOxLHOeyyw85utYJpWtSmxvA-2WR&index=24,0.00,,Sensei,Danya,,,,
25,1,1413,W,Alapin,https://www.youtube.com/watch?v=1tbpB-Qrqds&list=PLT1F2nOxLHOeyyw85utYJpWtSmxvA-2WR&index=25,0.00,,Sensei,Danya,,,,
26,1,1423,B,Hippo,https://www.youtube.com/watch?v=24yObE8SLzY&list=PLT1F2nOxLHOeyyw85utYJpWtSmxvA-2WR&index=26,0.00,,Sensei,Danya,,,,
27,1,1434,B,Colle System,https://www.youtube.com/watch?v=tPdiNtdFe98&list=PLT1F2nOxLHOeyyw85utYJpWtSmxvA-2WR&index=27,0.00,,Sensei,Danya,,,,
28,1,1447,W,Scandinavian,https://www.youtube.com/watch?v=ieznxMQccW0&list=PLT1F2nOxLHOeyyw85utYJpWtSmxvA-2WR&index=28,0.00,,Sensei,Danya,,,,
29,1,1457,W,Scandinavian,https://www.youtube.com/watch?v=jL_wSA6EeY8&list=PLT1F2nOxLHOeyyw85utYJpWtSmxvA-2WR&index=29,0.00,,Sensei,Danya,,,,
30,1,1469,W,Bongcloud,https://www.youtube.com/watch?v=HvrXmUORIcQ&list=PLT1F2nOxLHOeyyw85utYJpWtSmxvA-2WR&index=30,0.00,,Sensei,Danya,,,,
31,1,1478,W,4 Knights Scotch,https://www.youtube.com/watch?v=D7sbbap9lIc&list=PLT1F2nOxLHOeyyw85utYJpWtSmxvA-2WR&index=31,0.00,,Sensei,Danya,,,,
32,1,1489,B,Colle System,https://www.youtube.com/watch?v=91lZ8sfu-XU&list=PLT1F2nOxLHOeyyw85utYJpWtSmxvA-2WR&index=32,0.00,,Sensei,Danya,,,,
33,1,1499,W,4 Knights Scotch,https://www.youtube.com/watch?v=2cZZQyrF_HU&list=PLT1F2nOxLHOeyyw85utYJpWtSmxvA-2WR&index=33,0.00,,Sensei,Danya,,,,
34,1,1510,W,Vienna Game,https://www.youtube.com/watch?v=WQFcuBCL1F4&list=PLT1F2nOxLHOeyyw85utYJpWtSmxvA-2WR&index=34,0.00,,Sensei,Danya,,,,
35,1,1521,B,Italian,https://www.youtube.com/watch?v=TvgWwc1dBb8&list=PLT1F2nOxLHOeyyw85utYJpWtSmxvA-2WR&index=35,0.00,,Sensei,Danya,,,,
36,1,1535,W,St. George's Defense,https://www.youtube.com/watch?v=wbCZq2_-xM0&list=PLT1F2nOxLHOeyyw85utYJpWtSmxvA-2WR&index=36,0.00,,Sensei,Danya,,,,
37,1,1545,W,4 Knights Scotch,https://www.youtube.com/watch?v=qbin8r7EErE&list=PLT1F2nOxLHOeyyw85utYJpWtSmxvA-2WR&index=37,0.00,,Sensei,Danya,,,,
38,1,1555,B,Scotch,https://www.youtube.com/watch?v=H0Fln-ujA3w&list=PLT1F2nOxLHOeyyw85utYJpWtSmxvA-2WR&index=38,0.00,,Sensei,Danya,,,,
39,1,1564,W,Smith-Morra Accepted,https://www.youtube.com/watch?v=ft4drtuFhMU&list=PLT1F2nOxLHOeyyw85utYJpWtSmxvA-2WR&index=39,0.00,,Sensei,Danya,,,,
40,1,1573,W,4 Knights Scotch,https://www.youtube.com/watch?v=ZcnmkrOqh8s&list=PLT1F2nOxLHOeyyw85utYJpWtSmxvA-2WR&index=40,0.00,,Sensei,Danya,,,,
41,1,1591,B,Chigorin,https://www.youtube.com/watch?v=KJTX68hK87w,0.00,,Sensei,Danya,,,,
42,1,1600,W,Smith-Morra Accepted,https://www.youtube.com/watch?v=LvWVEAyZzxc&list=PLT1F2nOxLHOeyyw85utYJpWtSmxvA-2WR&index=42,0.00,,Sensei,Danya,,,,
43,1,1608,W,Owen's Defense,https://www.youtube.com/watch?v=oF7Rh6qXj1A&list=PLT1F2nOxLHOeyyw85utYJpWtSmxvA-2WR&index=43,0.00,,Sensei,Danya,,,,
44,1,1616,B,Baltic,https://www.youtube.com/watch?v=4EXCxC9UxI0&list=PLT1F2nOxLHOeyyw85utYJpWtSmxvA-2WR&index=44,0.00,,Sensei,Danya,,,,
45,1,1625,B,English,https://www.youtube.com/watch?v=Twv9FExvwSw&list=PLT1F2nOxLHOeyyw85utYJpWtSmxvA-2WR&index=45,0.00,,Sensei,Danya,,,,
46,1,1635,B,Accelerated Dragon,https://www.youtube.com/watch?v=qhHtJcXkkfg&list=PLT1F2nOxLHOeyyw85utYJpWtSmxvA-2WR&index=46,0.00,,Sensei,Danya,,,,
47,1,1651,W,Philidor,https://www.youtube.com/watch?v=QOb_ElHrC14&list=PLT1F2nOxLHOeyyw85utYJpWtSmxvA-2WR&index=47,0.00,,Sensei,Danya,,,,
48,1,1659,W,4 Knights Scotch,https://www.youtube.com/watch?v=mCB8n7v0MEA&list=PLT1F2nOxLHOeyyw85utYJpWtSmxvA-2WR&index=48,0.00,,Sensei,Danya,,,,
49,1,1665,W,Smith-Morra Accepted,https://www.youtube.com/watch?v=Wwp9E6P-AHo&list=PLT1F2nOxLHOeyyw85utYJpWtSmxvA-2WR&index=49,0.00,,Sensei,Danya,,,,
50,1,1672,W,Pirc,https://www.youtube.com/watch?v=l65FZlRkWcM&list=PLT1F2nOxLHOeyyw85utYJpWtSmxvA-2WR&index=50,0.00,,Sensei,Danya,,,,
51,1,1680,W,4 Knights Scotch,https://www.youtube.com/watch?v=7xgOCneMX8s&list=PLT1F2nOxLHOeyyw85utYJpWtSmxvA-2WR&index=51,0.00,,Sensei,Danya,,,,
52,1,1688,B,Hippo,https://www.youtube.com/watch?v=Mre1JH64oWs&list=PLT1F2nOxLHOeyyw85utYJpWtSmxvA-2WR&index=52,0.00,,Sensei,Danya,,,,
53,1,1696,B,Budapest Gambit,https://www.youtube.com/watch?v=k7R9Omne_1Y,0.00,,Sensei,Danya,,,,
54,1,1704,W,Advance French,https://www.youtube.com/watch?v=9XUJ2GmQ2CU&list=PLT1F2nOxLHOeyyw85utYJpWtSmxvA-2WR&index=54,0.00,,Sensei,Danya,,,,
55,1,1711,B,Scotch Gambit,https://www.youtube.com/playlist?list=PLT1F2nOxLHOeyyw85utYJpWtSmxvA-2WR,0.00,,Sensei,Danya,,,,
56,1,1713,B,QGD,https://www.youtube.com/watch?v=X6HE6h1OjRQ&list=PLT1F2nOxLHOeyyw85utYJpWtSmxvA-2WR&index=56,0.00,,Sensei,Danya,,,,
57,1,1706,W,Philidor,https://www.youtube.com/watch?v=nRdpLwXRIk4&list=PLT1F2nOxLHOeyyw85utYJpWtSmxvA-2WR&index=57,0.00,,Sensei,Danya,,,,
58,1,1720,W,Owen's Defense,https://www.youtube.com/watch?v=_JQ-AH3OYQ4&list=PLT1F2nOxLHOeyyw85utYJpWtSmxvA-2WR&index=58,0.00,,Sensei,Danya,,,,
58,2,,B,Ruy Lopez / Marshall,,8.00,,Sensei,Danya,,,,
59,1,1738,B,Budapest Gambit,https://www.youtube.com/watch?v=vB8yLBR5lHs&list=PLT1F2nOxLHOeyyw85utYJpWtSmxvA-2WR&index=59,0.00,,Sensei,Danya,,,,
60,1,1745,W,Smith-Morra Accepted,https://www.youtube.com/watch?v=vH3fLZ7Y4YM&list=PLT1F2nOxLHOeyyw85utYJpWtSmxvA-2WR&index=60,0.00,,Sensei,Danya,,,,
61,1,1754,W,Smith-Morra Accepted,https://www.youtube.com/watch?v=vH3fLZ7Y4YM&list=PLT1F2nOxLHOeyyw85utYJpWtSmxvA-2WR&index=60,0.00,,Sensei,Danya,,,,
62,1,1773,B,4 Knights,https://www.youtube.com/watch?v=zmdiLoeqFyU&list=PLT1F2nOxLHOeyyw85utYJpWtSmxvA-2WR&index=62,0.00,,Sensei,Danya,,,,
63,1,1781,W,Smith-Morra Accepted,https://www.youtube.com/watch?v=sqVkwtfaFwI&list=PLT1F2nOxLHOeyyw85utYJpWtSmxvA-2WR&index=63,0.00,,Sensei,Danya,,,,
64,1,1790,W,Advance French,https://www.youtube.com/watch?v=hw9tEjYabd8&list=PLT1F2nOxLHOeyyw85utYJpWtSmxvA-2WR&index=64,0.00,,Sensei,Danya,,,,
65,1,1801,B,Alapin,https://www.youtube.com/watch?v=Dj_hLEdDpAg&list=PLT1F2nOxLHOeyyw85utYJpWtSmxvA-2WR&index=65,0.00,,Sensei,Danya,,,,
66,1,1810,B,Stonewall Attack,https://www.youtube.com/watch?v=FtTdaYxkDeY&list=PLT1F2nOxLHOeyyw85utYJpWtSmxvA-2WR&index=66,0.00,,Sensei,Danya,,,,
67,1,1818,W,Caro Kann Fantasy,https://www.youtube.com/watch?v=i8G7wozMNcU&list=PLT1F2nOxLHOeyyw85utYJpWtSmxvA-2WR&index=67,0.00,,Sensei,Danya,,,,
68,1,1826,B,Caro Kann Exchange,https://www.youtube.com/watch?v=Z5QLUtjiGFg&list=PLT1F2nOxLHOeyyw85utYJpWtSmxvA-2WR&index=68,0.00,,Sensei,Danya,,,,
69,1,1834,B,4 Knights Scotch,https://www.youtube.com/watch?v=3XUh57mV8a8&list=PLT1F2nOxLHOeyyw85utYJpWtSmxvA-2WR&index=69,0.00,,Sensei,Danya,,,,
70,1,1843,W,Queen's Gambit Accepted,https://www.youtube.com/watch?v=U7pqt57VwuU&list=PLT1F2nOxLHOeyyw85utYJpWtSmxvA-2WR&index=70,0.00,,Sensei,Danya,,,,
71,1,1853,W,Scandinavian,https://www.youtube.com/watch?v=1zfJ7ABoh8k&list=PLT1F2nOxLHOeyyw85utYJpWtSmxvA-2WR&index=71,0.00,,Sensei,Danya,,,,
72,1,1863,B,King's Indian,https://www.youtube.com/watch?v=Es8YFQCP2TM&list=PLT1F2nOxLHOeyyw85utYJpWtSmxvA-2WR&index=72,0.00,,Sensei,Danya,,,,
73,1,1863,B,Sicilian,https://www.youtube.com/watch?v=LYStFYLTCno&list=PLT1F2nOxLHOeyyw85utYJpWtSmxvA-2WR&index=73,0.00,,Sensei,Danya,,,,
74,1,1876,W,Alekhine,https://www.youtube.com/watch?v=jwFOi039eeg&list=PLT1F2nOxLHOeyyw85utYJpWtSmxvA-2WR&index=74,0.00,,Sensei,Danya,,,,
75,1,1886,W,Smith-Morra Accepted,https://www.youtube.com/watch?v=kbQl_tsSo8w&list=PLT1F2nOxLHOeyyw85utYJpWtSmxvA-2WR&index=75,0.00,,Sensei,Danya,,,,
76,1,1897,B,Sicilian 1. e4 2. f4,https://www.youtube.com/watch?v=d-CFu7RMVoY&list=PLT1F2nOxLHOeyyw85utYJpWtSmxvA-2WR&index=76,0.00,,Sensei,Danya,,,,
77,1,1908,B,Scotch,https://www.youtube.com/watch?v=NQQnQ9X9dL8&list=PLT1F2nOxLHOeyyw85utYJpWtSmxvA-2WR&index=77,0.00,,Sensei,Danya,,,,
78,1,1923,W,Scandinavian,https://www.youtube.com/watch?v=INCkZzSMk98&list=PLT1F2nOxLHOeyyw85utYJpWtSmxvA-2WR&index=78,0.00,,Sensei,Danya,,,,
79,1,1938,B,Alekhine,https://www.youtube.com/watch?v=9qWUk9eDpTg&list=PLT1F2nOxLHOeyyw85utYJpWtSmxvA-2WR&index=79,0.00,,Sensei,Danya,,,,
80,1,1951,W,4 Knights Scotch,https://www.youtube.com/watch?v=-t1i9fKUUiI&list=PLT1F2nOxLHOeyyw85utYJpWtSmxvA-2WR&index=80,0.00,,Sensei,Danya,,,,
81,1,1962,B,Najdorf,https://www.youtube.com/watch?v=UVJ75kdDdt8&list=PLT1F2nOxLHOeyyw85utYJpWtSmxvA-2WR&index=81,0.00,,Sensei,Danya,,,,
82,1,1974,B,Najdorf,https://www.youtube.com/watch?v=TGXiOtbbDLE&list=PLT1F2nOxLHOeyyw85utYJpWtSmxvA-2WR&index=82,0.00,,Sensei,Danya,,,,
83,1,1983,W,Smith-Morra Accepted,https://www.youtube.com/watch?v=QcQEDJuJDJg&list=PLT1F2nOxLHOeyyw85utYJpWtSmxvA-2WR&index=83,0.00,,Sensei,Danya,,,,
84,1,1997,W,Smith-Morra Accepted,https://www.youtube.com/watch?v=G1UdMY89U1k&list=PLT1F2nOxLHOeyyw85utYJpWtSmxvA-2WR&index=84,0.00,,Sensei,Danya,,,,
85,1,2011,B,Najdorf,https://www.youtube.com/watch?v=oUhyUlyh1Fs&list=PLT1F2nOxLHOeyyw85utYJpWtSmxvA-2WR&index=85,0.00,,Sensei,Danya,,,,
86,1,2022,W,Scotch / Knight Sac,https://www.youtube.com/watch?v=1PI3xfMiUE4,0.00,,Sensei,Danya,,,,
87,1,2032,W,5 Knights Scotch,https://www.youtube.com/watch?v=Ty0DEz4Wevw,0.00,,Sensei,Danya,,,,
87,2,2052,B,English,,10.15,,Sensei,Danya,,,,
90,1,2061,W,Catalan,https://www.youtube.com/watch?v=EN72rn5tVYI,0.00,,Sensei,Danya,,,,
91,1,2070,W,French Tarrasch,https://www.youtube.com/watch?v=ngKFZPlhP2c,0.00,,Sensei,Danya,,,,
92,1,2079,B,Nimzo Indian,https://www.youtube.com/watch?v=Gk7MNomOOSA&list=PLT1F2nOxLHOeyyw85utYJpWtSmxvA-2WR&index=92,0.00,,Sensei,Danya,,,,
93,1,2118,W,Slav,https://www.youtube.com/watch?v=WmCImz1fv5s,0.00,,Sensei,Danya,,,,
94,1,2127,W,Benko Gambit,https://www.youtube.com/watch?v=CXvo1dMF1Qs,0.00,,Sensei,Danya,,,,
95,1,2138,W,Smith-Morra Accepted,https://www.youtube.com/watch?reload=9&v=w9n36SfEhfU,0.00,,Sensei,Danya,,,,
96,1,2150,W,Owen's Defense,https://www.youtube.com/watch?v=opvsrx5TCdU,0.00,,Sensei,Danya,,,,
97,1,2157,B,London,https://www.youtube.com/watch?v=j2PgJHNFH0c,0.00,,Sensei,Danya,1. d4 Nf6,2. Bf4 c5,3. e3 exd4,4. exd4 Qc6
98,1,2165,B,"Caro Kann, Exchange Panov",https://www.youtube.com/watch?v=Zko_JUK06vM,0.00,,Sensei,Danya,,,,
99,1,2171,B,Sicilian,https://www.youtube.com/watch?v=SV-y9Ai7QkA&list=PLT1F2nOxLHOeyyw85utYJpWtSmxvA-2WR&index=100,0.00,,Sensei,Danya,1. e4 c5,2. Nf3 a6,,
100,1,2181,W,Jobava London,https://www.youtube.com/watch?v=Ybg_2qbKXdA&list=PLT1F2nOxLHOeyyw85utYJpWtSmxvA-2WR&index=100,0.00,,Sensei,Danya,,,,
101,1,2194,W,Smith-Morra Declined,https://www.youtube.com/watch?v=ac2evoOBWko,0.00,,Sensei,Danya,,,,
102,1,2191,W,"Exchange Slav, Boor Attack",https://www.youtube.com/watch?v=QxHsw4ZS2Ts,0.00,,Sensei,Danya,,,,
103,1,2207,B,Scotch,https://www.youtube.com/watch?v=1GSLXUHTrzc&list=PLT1F2nOxLHOeyyw85utYJpWtSmxvA-2WR&index=103,0.00,,Sensei,Danya,,,,
104,1,2214,W,Smith-Morra Accepted,https://www.youtube.com/watch?v=7ntWn4K1_E4&list=PLT1F2nOxLHOeyyw85utYJpWtSmxvA-2WR&index=104,0.00,,Sensei,Danya,,,,
105,1,2223,B,Vienna Gambit,https://www.youtube.com/watch?v=RehhbTF00qQ&list=PLT1F2nOxLHOeyyw85utYJpWtSmxvA-2WR&index=105,0.00,,Sensei,Danya,,,,
106,1,2224,W,King's Indian Averbakh,https://www.youtube.com/watch?v=8wVtlbPj9bo&list=PLT1F2nOxLHOeyyw85utYJpWtSmxvA-2WR&index=106,0.00,,Sensei,Danya,,,,
107,1,2232,B,Vienna Gambit,https://www.youtube.com/watch?v=NkfhN1_sC4E&list=PLT1F2nOxLHOeyyw85utYJpWtSmxvA-2WR&index=107,0.00,,Sensei,Danya,,,,
108,1,2234,W,Jobava London,https://www.youtube.com/watch?v=LuezTOsWVMk&list=PLT1F2nOxLHOeyyw85utYJpWtSmxvA-2WR&index=108,0.00,,Sensei,Danya,,,,
109,1,2248,B,King's Indian / 4 Pawns Attack,https://www.youtube.com/watch?v=MmF7dhysiAQ&list=PLT1F2nOxLHOeyyw85utYJpWtSmxvA-2WR&index=109,0.00,,Sensei,Danya,,,,
110,1,2255,B,Halloween Gambit,https://www.youtube.com/watch?v=TYKVZpAy5Ow&list=PLT1F2nOxLHOeyyw85utYJpWtSmxvA-2WR&index=110,0.00,,Sensei,Danya,,,,
111,1,2263,W,Caro Kann Fantasy,https://www.youtube.com/watch?v=475QvJRimkI&list=PLT1F2nOxLHOeyyw85utYJpWtSmxvA-2WR&index=111,0.00,,Sensei,Danya,,,,
112,1,2273,W,QGD,https://www.youtube.com/watch?v=d6tZXETpqT0&list=PLT1F2nOxLHOeyyw85utYJpWtSmxvA-2WR&index=112,0.00,,Sensei,Danya,,,,
113,1,2282,W,Grunfeld Defense,https://www.youtube.com/watch?v=6JsSbmpj7UQ&list=PLT1F2nOxLHOeyyw85utYJpWtSmxvA-2WR&index=113,0.00,,Sensei,Danya,,,,
114,1,2291,B,King's Indian / Samisch,https://www.youtube.com/watch?v=9JUlD51s6zE&list=PLT1F2nOxLHOeyyw85utYJpWtSmxvA-2WR&index=114,0.00,,Sensei,Danya,,,,
1,1,400,W,1. e4 e6,https://www.youtube.com/watch?v=J4WzTSR3hmo,0.00,,Top Gun,Danya,1.e4 e6,2. d4 Nc6,,
2,1,598,B,Sicilian / 2. Qh5,https://www.youtube.com/watch?v=1Rejj6niwvo,0.00,,Top Gun,Danya,,,,
3,1,911,W,3 Knights 3. ... Nd4,https://www.youtube.com/watch?v=h-9MlTRN-fk,0.00,,Top Gun,Danya,,,,
4,1,963,B,Sicilian,https://www.youtube.com/watch?v=IZN7fZFpzoc,0.00,,Top Gun,Danya,1. e4 c5,2. c4 Nc6,,
5,1,1025,B,Sicilian,https://www.youtube.com/watch?v=Fz0_pECE5vo,0.00,,Top Gun,Danya,1. e4 c5,2. d4 exd4,3. Qxd4,
6,1,1088,B,Trompowsky Attack,https://www.youtube.com/watch?v=ILYWTV0uCio,0.00,,Top Gun,Danya,,,,
7,1,1139,W,Alapin Sicilian,https://www.youtube.com/watch?v=GwJ8yk2hsT8,0.00,,Top Gun,Danya,,,,
8,1,1184,B,Rossolimo Sicilian,https://www.youtube.com/watch?v=PACqm__Sne8,0.00,,Top Gun,Danya,,,,
9,1,1232,W,French Advance / Nimzo,https://www.youtube.com/watch?v=6si_sctYAS0,0.00,,Top Gun,Danya,,,,
10,1,1256,W,Alapin Sicilian,https://www.youtube.com/watch?v=KNwKz9Ssi8c,0.00,,Top Gun,Danya,,,,
11,1,1282,W,1. e4 b6,https://www.youtube.com/watch?v=C4xtj2rc0_k,0.00,,Top Gun,Danya,1. e4 b6,2. d4 Bb7,,
12,1,1318,B,Sicilian Bowdler,https://www.youtube.com/watch?v=Qe6L7y3bdjM,0.00,,Top Gun,Danya,,,,
13,1,1333,W,Scandinavian,https://www.youtube.com/watch?v=3Qw4AL8RDOw,0.00,,Top Gun,Danya,,,,
14,1,1355,B,English,https://www.youtube.com/watch?v=z92soIY1rSg,0.00,,Top Gun,Danya,,,,
15,1,1382,B,Sicilian,https://www.youtube.com/watch?v=UDDLO-WuOmE,0.00,,Top Gun,Danya,1. e4 c5,2. Nc3 Nc6,3. Bb5 Nd4,
16,1,1403,B,Sicilian / 3. Qh5,https://www.youtube.com/watch?v=GqdveDSL2SA,0.00,,Top Gun,Danya,1. e4 c5,,,
17,1,1431,W,Caro Kann Fantasy,https://www.youtube.com/watch?v=zprg2WbmgzQ,0.00,,Top Gun,Danya,,,,
18,1,1429,W,Caro Kann Fantasy,https://www.youtube.com/watch?v=k4T6TJGOSA0,0.00,,Top Gun,Danya,,,,
19,1,1478,B,Sicilian Bowdler,https://www.youtube.com/watch?v=o12epkA2jeE,0.00,,Top Gun,Danya,,,,
20,1,1494,W,Pirc Defense,https://www.youtube.com/watch?v=TIpUDMzQVmU,0.00,,Top Gun,Danya,,,,